Nombre de la Unidad Económica,Razón social,Descripcion estrato personal ocupado,Tipo de vialidad,Nombre de la vialidad,Número exterior o kilómetro,Tipo de asentamiento humano,Nombre de asentamiento humano,Código Postal,Clave entidad,Entidad federativa,Clave municipio,Municipio,Clave localidad,Localidad,Área geoestadística básica ,Latitud,Longitud,Fecha de incorporación al DENUE
242 CINEMEX RINCON DE ROMOS POP,OPERADORA DE CINEMAS,11 a 30 personas,CALLE,DOCTOR FRANCISCO GUEL JIMÉNEZ,108,COLONIA,SANTA ANITA,20410,1,AGUASCALIENTES,7,Rincón de Romos,1,Rincón de Romos                                                                                               ,63,22.22743835,-102.3198794,2010-07
5 CINEMEX AGUASCALIENTES TRADICIONAL,OPERADORA DE CINEMAS,11 a 30 personas,AVENIDA,MONTES HIMALAYA,2351,COLONIA,CENTRO COMERCIAL GALERIAS I,20130,1,AGUASCALIENTES,1,Aguascalientes,1,Aguascalientes,229,21.92311773,-102.2938359,2011-03
CINEPOLIS AGUASCALIENTES,EXHIBIDORA MEXICANA CINEPOLIS,31 a 50 personas,AVENIDA,AGUASCALIENTES PONIENTE (SIGLO XXI),1601,FRACCIONAMIENTO,LA FUNDICIÓN,20016,1,AGUASCALIENTES,1,Aguascalientes,1,Aguascalientes,233,21.90325132,-102.3160821,2010-07
CINEPOLIS ALTARIA,EXHIBIDORA MEXICANA CINEPOLIS,51 a 100 personas,BOULEVARD,BOULEVAR A ZACATECAS,849,COLONIA,CENTRO COMERCIAL ALTARIA,20116,1,AGUASCALIENTES,1,Aguascalientes,1,Aguascalientes,1320,21.92422666,-102.2902998,2010-07
CINEPOLIS ESPACIO AGUASCALIENTES,EXHIBIDORA MEXICANA CINEPOLIS,31 a 50 personas,AVENIDA,TECNOLÓGICO,120,COLONIA,OJO CALIENTE,20196,1,AGUASCALIENTES,1,Aguascalientes,1,Aguascalientes,1354,21.87745116,-102.2596567,2019-04
CINEPOLIS SUR AGUASCALIENTES,EXHIBIDORA MEXICANA CINEPOLIS,31 a 50 personas,BOULEVARD,JOSÉ MARÍA CHÁVEZ,1809,FRACCIONAMIENTO,PRADOS DE VILLASUNCIÓN,20280,1,AGUASCALIENTES,1,Aguascalientes,1,Aguascalientes,1458,21.85472126,-102.2927186,2010-07
CINEPOLIS VELARIA MALL,EXHIBIDORA MEXICANA CINEPOLIS,11 a 30 personas,AVENIDA,DE LOS MAESTROS,2615,COLONIA,NUEVA ESPANA,20205,1,AGUASCALIENTES,1,Aguascalientes,1,Aguascalientes,1373,21.85820103,-102.3146139,2010-07
CINEPOLIS VIP ALTARIA,EXHIBIDORA MEXICANA CINEPOLIS,31 a 50 personas,BOULEVARD,BOULEVAR A ZACATECAS,849,COLONIA,CENTRO COMERCIAL ALTARIA,20116,1,AGUASCALIENTES,1,Aguascalientes,1,Aguascalientes,1320,21.92422666,-102.2902998,2023-11
INTERCINEMAS,,0 a 5 personas,CALLE,BENITO JUAREZ,213,COLONIA,CALVILLO CENTRO,20800,1,AGUASCALIENTES,3,Calvillo,1,Calvillo                                                                                                      ,187,21.84719069,-102.7166422,2010-07
MINI CINE SALA ALTERNATIVA,,0 a 5 personas,CALLE,EDEN,,FRACCIONAMIENTO,COLINAS DE SAN IGNACIO,20016,1,AGUASCALIENTES,1,Aguascalientes,1,Aguascalientes,1994,21.8985052,-102.3179677,2024-11
OPERADORA DE CINES KRISTAL,OPERADORA DE CINES KRISTAL,11 a 30 personas,AVENIDA,LICENCIADO ADOLFO LOPEZ MATEOS ORIENTE,1001,COLONIA,LA HUERTA,20250,1,AGUASCALIENTES,1,Aguascalientes,1,Aguascalientes,816,21.87848685,-102.2807741,2010-07
123 CINEMEX LA GRAN VIA MEXICALI PREMIUM,OPERADORA DE CINEMAS,11 a 30 personas,CALZADA,MANUEL GÓMEZ MORÍN (RÍO CAJEME),1,COLONIA,RIVERA,21259,2,BAJA CALIFORNIA,2,Mexicali,1,Mexicali                                                                                                      ,3884,32.65354627,-115.4118575,2017-11
140 CINEMEX LOMA BONITA TRADICIONAL,OPERADORA DE CINEMAS,31 a 50 personas,BOULEVARD,NUEVA AURORA,7200,COLONIA,LOMA BONITA NORTE,22180,2,BAJA CALIFORNIA,4,Tijuana,1,Tijuana                                                                                                       ,1191,32.48342548,-117.0519642,2016-01
147 CINEMEX MACROPLAZA TIJUANA TRADICIONAL,OPERADORA DE CINEMAS,31 a 50 personas,BOULEVARD,DE LOS INSURGENTES,1815,COLONIA,TERCERA ETAPA RÍO TIJUANA,22226,2,BAJA CALIFORNIA,4,Tijuana,1,Tijuana                                                                                                       ,583,32.49351081,-116.9306362,2014-12
169 CINEMEX MUNDO DIVERTIDO MEXICALI TRADICIONAL,OPERADORA DE CINEMAS,11 a 30 personas,BOULEVARD,ADOLFO LÓPEZ MATEOS,,COLONIA,ZONA INDUSTRIAL,21150,2,BAJA CALIFORNIA,2,Mexicali,1,Mexicali                                                                                                      ,273A,32.65590712,-115.4774646,2010-07
176 CINEMEX OTAY TRADICIONAL,OPERADORA DE CINEMAS,31 a 50 personas,CALLE,RAMPA AEROPUERTO,16000,COLONIA,LA PECHUGA,22390,2,BAJA CALIFORNIA,4,Tijuana,1,Tijuana                                                                                                       ,3893,32.53205342,-116.9501929,2010-07
198 CINEMEX PENINSULA TIJUANA POP,OPERADORA DE CINEMAS,11 a 30 personas,OTRO(ESPECIFIQUE),VÍA RÁPIDA ORIENTE,15000,COLONIA,CHAPULTEPEC ALAMAR,22110,2,BAJA CALIFORNIA,4,Tijuana,1,Tijuana                                                                                                       ,048A,32.51346547,-116.9672643,2025-04
199 CINEMEX PENINSULA TIJUANA TRADICIONAL,OPERADORA DE CINEMAS,11 a 30 personas,OTRO(ESPECIFIQUE),RAPIDA OTE,15000,COLONIA,CHAPULTEPEC ALAMAR,22110,2,BAJA CALIFORNIA,4,Tijuana,1,Tijuana                                                                                                       ,048A,32.51268119,-116.9661955,2026-04
216 CINEMEX PLAZA MINARETE TIJUANA TRADICIONAL,OPERADORA DE CINEMAS,11 a 30 personas,BOULEVARD,FRANCISCO SARABIA,4555,COLONIA,URBANIZACIÓN ZONA RÍO TIJUANA,22320,2,BAJA CALIFORNIA,4,Tijuana,1,Tijuana                                                                                                       ,3380,32.51605384,-117.0074309,2023-11
284 CINEMEX TIJUANA PACIFICO TRADICIONAL,OPERADORA DE CINEMAS,31 a 50 personas,BOULEVARD,PACIFICO,7521,PARQUE INDUSTRIAL,PARQUE INDUSTRIAL PACÍFICO,22643,2,BAJA CALIFORNIA,4,Tijuana,1,Tijuana                                                                                                       ,6614,32.47744135,-116.9937895,2019-11
285 CINEMEX TIJUANA PAVILION TRADICIONAL,OPERADORA DE CINEMAS,11 a 30 personas,CALLE,PASEO DE LOS HÉROES,0,COLONIA,URBANIZACIÓN ZONA RÍO TIJUANA,22010,2,BAJA CALIFORNIA,4,Tijuana,1,Tijuana                                                                                                       ,3836,32.53106587,-117.0266172,2016-01
314 CINEMEX MUNDO DIVERTIDO TIJUANA TRADICIONAL,OPERADORA DE CINEMAS,11 a 30 personas,AVENIDA,CANAL,15035,COLONIA,SAN MIGUEL,22610,2,BAJA CALIFORNIA,4,Tijuana,1,Tijuana                                                                                                       ,579,32.50409923,-116.9562868,2010-07
CINEMEX,OPERADORA DE CINEMAS,31 a 50 personas,CALLE,AEROPUERTO,10000,ZONA COMERCIAL,PLAZA ALAMEDA,22425,2,BAJA CALIFORNIA,4,Tijuana,1,Tijuana                                                                                                       ,3893,32.53234656,-116.9509053,2019-11
CINEPOLIS CARROUSEL,EXHIBIDORA MEXICANA CINEPOLIS,51 a 100 personas,BOULEVARD,GUSTAVO DÍAZ ORDAZ,14910,FRACCIONAMIENTO,GAS Y ANEXAS,22610,2,BAJA CALIFORNIA,4,Tijuana,1,Tijuana                                                                                                       ,3431,32.49480378,-116.9593323,2010-07
CINEPOLIS CENTENARIO,EXHIBIDORA MEXICANA CINEPOLIS,31 a 50 personas,BOULEVARD,LÁZARO CÁRDENAS,2139,FRACCIONAMIENTO,RESIDENCIAS,21280,2,BAJA CALIFORNIA,2,Mexicali,1,Mexicali                                                                                                      ,4666,32.62483016,-115.4432624,2010-07
CINEPOLIS CENTRO CÍVICO,EXHIBIDORA MEXICANA CINEPOLIS,31 a 50 personas,AVENIDA,DE LOS HÉROES,,COLONIA,CENTRO CIVICO,21000,2,BAJA CALIFORNIA,2,Mexicali,1,Mexicali                                                                                                      ,031A,32.64518781,-115.4719415,2010-07
CINEPOLIS GALERÍAS DEL VALLE,EXHIBIDORA MEXICANA CINEPOLIS,51 a 100 personas,BOULEVARD,LAZARO CARDENAS,2200,COLONIA,EL PORVENIR,21220,2,BAJA CALIFORNIA,2,Mexicali,1,Mexicali                                                                                                      ,4740,32.62214178,-115.5106161,2010-07
CINEPOLIS GALERÍAS HIPÓDROMO,EXHIBIDORA MEXICANA CINEPOLIS,31 a 50 personas,CALLE,AGUA CALIENTE,11999,COLONIA,HIPODROMO AGUA CALIENTE,22024,2,BAJA CALIFORNIA,4,Tijuana,1,Tijuana                                                                                                       ,1628,32.50916879,-116.9926165,2011-03
CINEPOLIS MACROPLAZA DEL MAR,EXHIBIDORA MEXICANA CINEPOLIS,51 a 100 personas,AVENIDA,NINGUNO,3976,COLONIA,CARLOS PACHECO (AYUNTAMIENTO),22830,2,BAJA CALIFORNIA,1,Ensenada,1,Ensenada                                                                                                      ,5991,31.82043281,-116.5993869,2010-07
CINEPOLIS MARINA,EXHIBIDORA MEXICANA CINEPOLIS,31 a 50 personas,AVENIDA,LA MARINA,656,COLONIA,ZONA FEDERAL (SECCIÓN API),22800,2,BAJA CALIFORNIA,1,Ensenada,1,Ensenada                                                                                                      ,632,31.86145856,-116.6271077,2014-12
CINEPOLIS MC LA PAJARITA,EXHIBIDORA MEXICANA CINEPOLIS,11 a 30 personas,CALLE,ROSARIO,7002,COLONIA,LOMAS DEL MAR,22564,2,BAJA CALIFORNIA,4,Tijuana,1,Tijuana                                                                                                       ,7769,32.44233565,-117.0366934,2011-03
CINEPOLIS NUEVO MEXICALI,EXHIBIDORA MEXICANA CINEPOLIS,31 a 50 personas,CALLE,NOVENA,,COLONIA,NUEVO MEXICALI,21390,2,BAJA CALIFORNIA,2,Mexicali,1,Mexicali                                                                                                      ,615A,32.61303532,-115.3859637,2010-07
CINEPOLIS PABELLÓN ROSARITO,EXHIBIDORA MEXICANA CINEPOLIS,31 a 50 personas,BOULEVARD,COMERCIAL,300,COLONIA,PARCELAS (EJIDO MAZATLÁN),22710,2,BAJA CALIFORNIA,5,Playas de Rosarito,1,Playas de Rosarito                                                                                            ,218,32.37879507,-117.0602963,2010-07
CINEPOLIS PASEO 2000,EXHIBIDORA MEXICANA CINEPOLIS,51 a 100 personas,BOULEVARD,2000,26135,COLONIA,FRANCISCO VILLA,22235,2,BAJA CALIFORNIA,4,Tijuana,1,Tijuana                                                                                                       ,6474,32.49234027,-116.8504898,2014-12
CINEPOLIS PASEO CHAPULTEPEC,EXHIBIDORA MEXICANA CINEPOLIS,31 a 50 personas,BOULEVARD,AGUA CALIENTE,10387,COLONIA,CHAPULTEPEC,22020,2,BAJA CALIFORNIA,4,Tijuana,1,Tijuana                                                                                                       ,4374,32.51468315,-117.0115782,2014-12
CINEPOLIS PLAYAS,EXHIBIDORA MEXICANA CINEPOLIS,31 a 50 personas,AVENIDA,PASEO ENSENADA,502,FRACCIONAMIENTO,PLAYAS DE TIJUANA SECCION CORONADO,22504,2,BAJA CALIFORNIA,4,Tijuana,1,Tijuana                                                                                                       ,1401,32.53167204,-117.1150219,2010-07
CINEPOLIS PLAZA MONARCA,EXHIBIDORA MEXICANA CINEPOLIS,51 a 100 personas,BOULEVARD,MANUEL J. CLOUTHIER,18561,COLONIA,LAGO,22550,2,BAJA CALIFORNIA,4,Tijuana,1,Tijuana                                                                                                       ,7078,32.50055472,-116.9192493,2010-07
CINEPOLIS PLAZA RÍO,EXHIBIDORA MEXICANA CINEPOLIS,51 a 100 personas,AVENIDA,PASEO DE LOS HÉROES,9550,COLONIA,ZONA RÍO,22320,2,BAJA CALIFORNIA,4,Tijuana,1,Tijuana                                                                                                       ,3357,32.52799224,-117.0219414,2010-07
CINEPOLIS PLAZA SAN PEDRO MEXICALI,EXHIBIDORA MEXICANA CINEPOLIS,31 a 50 personas,CALZADA,CETYS,1801,COLONIA,RIVERA,21259,2,BAJA CALIFORNIA,2,Mexicali,1,Mexicali                                                                                                      ,2284,32.65569593,-115.4137847,2010-07
CINEPOLIS PUNTA ANÁHUAC MEXICALI,EXHIBIDORA MEXICANA CINEPOLIS,11 a 30 personas,CALZADA,MANUEL GÓMEZ MORÍN (PERIFÉRICO ORIENTE),650,COLONIA,CASA MAGNA,21354,2,BAJA CALIFORNIA,2,Mexicali,1,Mexicali                                                                                                      ,6056,32.59522006,-115.4784135,2023-11
CINEPOLIS SENDERO ENSENADA,EXHIBIDORA MEXICANA CINEPOLIS,11 a 30 personas,BOULEVARD,ESMERALDA,1180,COLONIA,INDUSTRIAL,22890,2,BAJA CALIFORNIA,1,Ensenada,1,Ensenada                                                                                                      ,795A,31.84969083,-116.5810112,2026-04
CINEPOLIS SENDERO MEXICALI,EXHIBIDORA MEXICANA CINEPOLIS,31 a 50 personas,BOULEVARD,LÁZARO CÁRDENAS,1600,COLONIA,ISLAS AGRARIAS,21600,2,BAJA CALIFORNIA,2,Mexicali,1,Mexicali                                                                                                      ,6728,32.59124005,-115.3570825,2023-11
CINEPOLIS SENDERO TIJUANA,EXHIBIDORA MEXICANA CINEPOLIS,51 a 100 personas,CARRETERA,LIBRE A TIJUANA-TECATE,25452,COLONIA,FIDEICOMISO EL FLORIDO,22245,2,BAJA CALIFORNIA,4,Tijuana,1,Tijuana                                                                                                       ,7805,32.45448396,-116.8355414,2011-03
CINEPOLIS TECATE,EXHIBIDORA MEXICANA CINEPOLIS,31 a 50 personas,BOULEVARD,NUEVO LEÓN,700,COLONIA,EL PEDREGAL,21460,2,BAJA CALIFORNIA,3,Tecate,1,Tecate                                                                                                        ,942,32.56611557,-116.6342606,2010-07
CINEPOLIS VIP GALERÍAS HIPÓDROMO,EXHIBIDORA MEXICANA CINEPOLIS,31 a 50 personas,CALLE,AGUA CALIENTE,11999,COLONIA,HIPODROMO AGUA CALIENTE,22024,2,BAJA CALIFORNIA,4,Tijuana,1,Tijuana                                                                                                       ,1628,32.50916879,-116.9926165,2023-11
CINEPOLIS VIP PLAZA RÍO,EXHIBIDORA MEXICANA CINEPOLIS,51 a 100 personas,AVENIDA,PASEO DE LOS HÉROES,9550,COLONIA,ZONA RÍO,22320,2,BAJA CALIFORNIA,4,Tijuana,1,Tijuana                                                                                                       ,3357,32.52757304,-117.021345,2023-11
CINEPOLIS VIP PLAZA SAN PEDRO MEXICALI,EXHIBIDORA MEXICANA CINEPOLIS,51 a 100 personas,CALZADA,CALZADA CETYS,1801,COLONIA,VISTA HERMOSA,21259,2,BAJA CALIFORNIA,2,Mexicali,1,Mexicali                                                                                                      ,2284,32.65575655,-115.4139013,2023-11
GRAN CINEMA LATINO,,0 a 5 personas,CALLE,EMILIANO ZAPATA QUINTA,8012,COLONIA,ZONA CENTRO,22000,2,BAJA CALIFORNIA,4,Tijuana,1,Tijuana                                                                                                       ,2946,32.53170615,-117.0396081,2014-12
158 CINEMEX MI PLAZA LOS CABOS POP,OPERADORA DE CINEMAS,11 a 30 personas,PROLONGACION,LEONA VICARIO,0,COLONIA,EL CARIBE,23477,3,BAJA CALIFORNIA SUR,8,Los Cabos,54,Cabo San Lucas                                                                                                ,1674,22.93191988,-109.9295126,2025-04
234 CINEMEX PUERTO PARAISO PLATINO,OPERADORA DE CINEMAS,11 a 30 personas,BOULEVARD,LÁZARO CÁRDENAS,,COLONIA,MARINA,23453,3,BAJA CALIFORNIA SUR,8,Los Cabos,54,Cabo San Lucas                                                                                                ,356,22.88773427,-109.9108951,2010-07
235 CINEMEX PUERTO PARAISO TRADICIONAL,OPERADORA DE CINEMAS,11 a 30 personas,BOULEVARD,LAZARO CARDENAS,0,COLONIA,MARINA,23410,3,BAJA CALIFORNIA SUR,8,Los Cabos,54,Cabo San Lucas                                                                                                ,356,22.88807181,-109.9106851,2025-04
253 CINEMEX SAN JOSE DEL CABO POP,OPERADORA DE CINEMAS,11 a 30 personas,BOULEVARD,NINGUNO,,COLONIA,EL ZACATAL,23427,3,BAJA CALIFORNIA SUR,8,Los Cabos,1,San José del Cabo                                                                                             ,2988,23.09743664,-109.7084528,2019-11
CINEPOLIS CABO,EXHIBIDORA MEXICANA CINEPOLIS,11 a 30 personas,BOULEVARD,MAURICIO CASTRO,1738,COLONIA,CLUB DE GOLF FONATUR,23400,3,BAJA CALIFORNIA SUR,8,Los Cabos,1,San José del Cabo                                                                                             ,394,23.05298215,-109.7034735,2010-07
CINEPOLIS LA PAZ,EXHIBIDORA MEXICANA CINEPOLIS,51 a 100 personas,BOULEVARD,FORJADORES DE SUDCALIFORNIA,4215,FRACCIONAMIENTO,EX BASE AÉREA,23081,3,BAJA CALIFORNIA SUR,3,La Paz,1,La Paz                                                                                                        ,3104,24.12650395,-110.3118709,2010-07
CINEPOLIS MC PASEO LA PAZ,EXHIBIDORA MEXICANA CINEPOLIS,11 a 30 personas,BOULEVARD,LIBRAMIENTO SUR DANIEL ROLDÁN ZIMBRÓN,1515,COLONIA,EL ZACATAL,23088,3,BAJA CALIFORNIA SUR,3,La Paz,1,La Paz                                                                                                        ,5079,24.11699452,-110.3415368,2014-12
CINEPOLIS SENDERO LOS CABOS,EXHIBIDORA MEXICANA CINEPOLIS,31 a 50 personas,AVENIDA,DE LAS BRISAS,2404,COLONIA,BRISAS DEL PACÍFICO,23473,3,BAJA CALIFORNIA SUR,8,Los Cabos,54,Cabo San Lucas                                                                                                ,1725,22.90367882,-109.9347389,2012-06
CINEPOLIS THE SHOPPES AT LA PAZ,EXHIBIDORA MEXICANA CINEPOLIS,11 a 30 personas,BOULEVARD,GENERAL AGUSTÍN OLACHEA AVILÉS,8010,COLONIA,EL ZACATAL,23088,3,BAJA CALIFORNIA SUR,3,La Paz,1,La Paz                                                                                                        ,5079,24.11711608,-110.3414026,2014-12
179 CINEMEX PALMIRA TRADICIONAL,OPERADORA DE CINEMAS,11 a 30 personas,AVENIDA,NARDOS,1,COLONIA,PALMIRA,24100,4,CAMPECHE,3,Carmen,1,Ciudad del Carmen                                                                                             ,3147,18.65919546,-91.79496371,2010-07
45 CINEMEX CIUDAD DEL CARMEN TRADICIONAL,OPERADORA DE CINEMAS,11 a 30 personas,AVENIDA,PREDIO URBANO Y AV. PERIFERICO NORTE ,35,COLONIA,ASA PONIENTE,24179,4,CAMPECHE,3,Carmen,1,Ciudad del Carmen                                                                                             ,1314,18.6498686,-91.81297409,2010-07
CENTRO CULTURAL LA CLAQUETA,,6 a 10 personas,CALLE,LIMONITA,21,COLONIA,ERNESTO ZEDILLO,24023,4,CAMPECHE,2,Campeche,1,San Francisco de Campeche                                                                                     ,2423,19.8686107,-90.4948283,2024-11
CINE ATLANTIS,,6 a 10 personas,CALLE,5,,COLONIA,PEDREGAL,24400,4,CAMPECHE,4,Champotón,1,Champotón                                                                                                     ,972,19.34497331,-90.73124846,2010-07
CINEMA CAMINO REAL,,6 a 10 personas,CALLE,19,95,COLONIA,SAN MIGUEL KUKAB,24900,4,CAMPECHE,1,Calkiní,1,Calkiní                                                                                                       ,345,20.36998653,-90.04922137,2019-11
CINEPOLIS GALERÍAS CAMPECHE,EXHIBIDORA MEXICANA CINEPOLIS,51 a 100 personas,AVENIDA,PEDRO SÁINZ DE BARANDA,139,COLONIA,CENTRO,24000,4,CAMPECHE,2,Campeche,1,San Francisco de Campeche                                                                                     ,2404,19.85721488,-90.52317087,2014-12
CINEPOLIS VIP GALERÍAS CAMPECHE,EXHIBIDORA MEXICANA CINEPOLIS,31 a 50 personas,AVENIDA,PEDRO SÁINZ DE BARANDA,139,COLONIA,CENTRO,24000,4,CAMPECHE,2,Campeche,1,San Francisco de Campeche                                                                                     ,2404,19.85695444,-90.52373674,2023-11
CINEPOLIS VIP ZENTRALIA CD. DEL CARMEN,EXHIBIDORA MEXICANA CINEPOLIS,31 a 50 personas,AVENIDA,CORREGIDORA,26,COLONIA,AEROPUERTO,24199,4,CAMPECHE,3,Carmen,1,Ciudad del Carmen                                                                                             ,1314,18.65273013,-91.80824636,2023-11
CINEPOLIS ZENTRALIA CD. DEL CARMEN,EXHIBIDORA MEXICANA CINEPOLIS,31 a 50 personas,AVENIDA,CORREGIDORA,26,COLONIA,AEROPUERTO,24199,4,CAMPECHE,3,Carmen,1,Ciudad del Carmen                                                                                             ,1314,18.65273013,-91.80824636,2017-03
CLUB EDUCINE,EDUCACION PARA EL ARTE Y CULTURA CINEMATOGRAFICA,0 a 5 personas,CALLE,MARIANO ESCOBEDO,34,BARRIO,DE SAN FRANCISCO,24010,4,CAMPECHE,2,Campeche,1,San Francisco de Campeche                                                                                     ,1302,19.84953428,-90.52548144,2024-11
114 CINEMEX INTERMALL TRADICIONAL,OPERADORA DE CINEMAS,31 a 50 personas,CALZADA,JOSÉ VASCONCELOS,1955,RESIDENCIAL,RESIDENCIAL TECNOLÓGICO,27276,5,COAHUILA DE ZARAGOZA,35,Torreón,1,Torreón                                                                                                       ,1064,25.51585296,-103.3961099,2013-07
162 CINEMEX MIRA SIERRA TRADICIONAL,OPERADORA DE CINEMAS,11 a 30 personas,BOULEVARD,LOS FUNDADORES,58,COLONIA,CIUDAD MIRASIERRA,27800,5,COAHUILA DE ZARAGOZA,30,Saltillo,1,Saltillo                                                                                                      ,4151,25.43342006,-100.9236097,2019-11
164 CINEMEX MONCLOVA TRADICIONAL,OPERADORA DE CINEMAS,11 a 30 personas,AVENIDA,HUEMAC,,COLONIA,ANAHUAC,25750,5,COAHUILA DE ZARAGOZA,18,Monclova,1,Monclova                                                                                                      ,053A,26.90246396,-101.435743,2014-12
211 CINEMEX PLAZA INOVA POP,OPERADORA DE CINEMAS,31 a 50 personas,BOULEVARD,LIBRAMIENTO MANUEL PÉREZ TREVIÑO,2700,COLONIA,TECNOLÓGICO,26001,5,COAHUILA DE ZARAGOZA,25,Piedras Negras,1,Piedras Negras                                                                                                ,676,28.68781328,-100.5578315,2019-11
238 CINEMEX RAMOS ARIZPE POP,OPERADORA DE CINEMAS,11 a 30 personas,BOULEVARD,PLAN DE GUADALUPE,1200,COLONIA,ZONA CENTRO,25903,5,COAHUILA DE ZARAGOZA,27,Ramos Arizpe,1,Ramos Arizpe                                                                                                  ,651,25.54776435,-100.9427692,2019-11
248 CINEMEX SALTILLO TRADICIONAL,OPERADORA DE CINEMAS,11 a 30 personas,CALLE,LUIS ECHEVERRÍA,851,COLONIA,REPÚBLICA NORTE,25280,5,COAHUILA DE ZARAGOZA,30,Saltillo,1,Saltillo                                                                                                      ,74,25.44432181,-100.9830276,2025-04
292 CINEMEX TORREON TRADICIONAL,OPERADORA DE CINEMAS,11 a 30 personas,CARRETERA,TORREÓN-MATAMOROS,,COLONIA,PROVITEC,27270,5,COAHUILA DE ZARAGOZA,35,Torreón,1,Torreón                                                                                                       ,418,25.53503366,-103.3955751,2014-12
95 CINEMEX GALERIAS SALTILLO PLATINO,OPERADORA DE CINEMAS,11 a 30 personas,BOULEVARD,NINGUNO,2345,COLONIA,PARQUE CENTRO,25279,5,COAHUILA DE ZARAGOZA,30,Saltillo,1,Saltillo                                                                                                      ,1335,25.45880796,-100.9808524,2013-07
96 CINEMEX GALERIAS SALTILLO TRADICIONAL,OPERADORA DE CINEMAS,31 a 50 personas,BOULEVARD,NAZARIO S ORTIZ GARZA,,COLONIA,PARQUE CENTRO,25279,5,COAHUILA DE ZARAGOZA,30,Saltillo,1,Saltillo                                                                                                      ,1335,25.45932966,-100.9784101,2017-03
CINE CASTAÑOS,,0 a 5 personas,CALLE,VICENTE GUERRERO,,COLONIA,ZONA CENTRO NORTE,25870,5,COAHUILA DE ZARAGOZA,6,Castaños,1,Castaños                                                                                                      ,401,26.78564492,-101.4310621,2019-11
CINE OLIMPIA,,0 a 5 personas,CALLE,IGNACIO ALLENDE,1047,COLONIA,ZONA CENTRO,25000,5,COAHUILA DE ZARAGOZA,30,Saltillo,1,Saltillo                                                                                                      ,163,25.43086297,-100.9972249,2014-12
CINEPOLIS CD. ACUÑA,EXHIBIDORA MEXICANA CINEPOLIS,31 a 50 personas,BOULEVARD,LIBRAMIENTO EMILIO MENDOZA CISNEROS,2000,COLONIA,SUBCENTRO URBANO,26230,5,COAHUILA DE ZARAGOZA,2,Acuña,1,Ciudad Acuña                                                                                                  ,288A,29.32708506,-100.9769635,2014-12
CINEPOLIS CUATRO CAMINOS,EXHIBIDORA MEXICANA CINEPOLIS,31 a 50 personas,BOULEVARD,INDEPENDENCIA,1300,COLONIA,SANTA MARIA,27010,5,COAHUILA DE ZARAGOZA,35,Torreón,1,Torreón                                                                                                       ,51,25.56023185,-103.4335808,2014-12
CINEPOLIS GALERÍAS LAGUNA,EXHIBIDORA MEXICANA CINEPOLIS,51 a 100 personas,PERIFERICO,RAUL LOPEZ SANCHEZ,6000,FRACCIONAMIENTO,RECIDENCIAL GALERIAS,27018,5,COAHUILA DE ZARAGOZA,35,Torreón,1,Torreón                                                                                                       ,761,25.58176035,-103.4023054,2020-04
CINEPOLIS LA NOGALERA,EXHIBIDORA MEXICANA CINEPOLIS,31 a 50 personas,PERIFERICO,LUIS ECHEVERRÍA,1474,COLONIA,LOURDES,25070,5,COAHUILA DE ZARAGOZA,30,Saltillo,1,Saltillo                                                                                                      ,4594,25.38860226,-100.9942635,2010-07
CINEPOLIS MATAMOROS COAHUILA,EXHIBIDORA MEXICANA CINEPOLIS,11 a 30 personas,AVENIDA,CUAUHTÉMOC,505,COLONIA,CENTRO,27440,5,COAHUILA DE ZARAGOZA,17,Matamoros,1,Matamoros                                                                                                     ,15,25.5314556,-103.2336037,2020-04
CINEPOLIS MUZQUIZ,EXHIBIDORA MEXICANA CINEPOLIS,11 a 30 personas,CALLE,MIGUEL ACOSTA,0,COLONIA,INFONAVIT,26340,5,COAHUILA DE ZARAGOZA,20,Múzquiz,1,Ciudad Melchor Múzquiz                                                                                        ,1451,27.87391935,-101.5010537,2023-11
CINEPOLIS PASEO MONCLOVA,EXHIBIDORA MEXICANA CINEPOLIS,31 a 50 personas,BOULEVARD,HAROLD R. PAPE,1000,COLONIA,ESTANCIAS DE SAN JUAN BAUTISTA,25733,5,COAHUILA DE ZARAGOZA,18,Monclova,1,Monclova                                                                                                      ,039A,26.94884239,-101.4127906,2023-11
CINEPOLIS PASEO VILLALTA,EXHIBIDORA MEXICANA CINEPOLIS,31 a 50 personas,BOULEVARD,VENUSTIANO CARRANZA,5945,COLONIA,25,25204,5,COAHUILA DE ZARAGOZA,30,Saltillo,1,Saltillo                                                                                                      ,1903,25.47614538,-100.9755104,2023-11
CINEPOLIS PLAZA LEONES (SABINAS),EXHIBIDORA MEXICANA CINEPOLIS,11 a 30 personas,AVENIDA,PASEO DE LOS LEONES,1677,COLONIA,FUNDADORES,26740,5,COAHUILA DE ZARAGOZA,28,Sabinas,1,Sabinas                                                                                                       ,396,27.86370375,-101.1283579,2026-04
CINEPOLIS PLAZA MADERO PARRAS,EXHIBIDORA MEXICANA CINEPOLIS,11 a 30 personas,AVENIDA,16 DE SEPTIEMBRE,517,COLONIA,ESTRELLA,27980,5,COAHUILA DE ZARAGOZA,24,Parras,1,Parras de la Fuente                                                                                           ,1164,25.44667695,-102.1719252,2023-11
CINEPOLIS PLAZA NAZAS,EXHIBIDORA MEXICANA CINEPOLIS,11 a 30 personas,CALLE,LIBERTAD,750,COLONIA,RESIDENCIAL DEL NAZAS,27083,5,COAHUILA DE ZARAGOZA,35,Torreón,1,Torreón                                                                                                       ,3639,25.53677041,-103.3573946,2023-11
CINEPOLIS PLAZA RAMOS (ARIZPE),EXHIBIDORA MEXICANA CINEPOLIS,11 a 30 personas,BOULEVARD,JAIME BENAVIDES POMPA,1660,COLONIA,DEL VALLE,25904,5,COAHUILA DE ZARAGOZA,27,Ramos Arizpe,1,Ramos Arizpe                                                                                                  ,702,25.54093823,-100.9417304,2023-11
CINEPOLIS SAN PEDRO COAHUILA,EXHIBIDORA MEXICANA CINEPOLIS,11 a 30 personas,AVENIDA,MIGUEL HIDALGO,267,COLONIA,SALTILLO,27850,5,COAHUILA DE ZARAGOZA,33,San Pedro,1,San Pedro                                                                                                     ,106A,25.75874798,-102.9768365,2019-04
CINEPOLIS SENDERO SALTILLO,EXHIBIDORA MEXICANA CINEPOLIS,31 a 50 personas,BOULEVARD,DOCTOR JESÚS VALDÉS SÁNCHEZ,365,COLONIA,EX HACIENDA DE LOS CERRITOS,25010,5,COAHUILA DE ZARAGOZA,30,Saltillo,1,Saltillo                                                                                                      ,1373,25.44611466,-100.9580117,2010-07
CINEPOLIS SENDERO SALTILLO SUR,EXHIBIDORA MEXICANA CINEPOLIS,11 a 30 personas,BOULEVARD,ANTONIO CÁRDENAS,4159,AMPLIACION,LOURDES,25070,5,COAHUILA DE ZARAGOZA,30,Saltillo,1,Saltillo                                                                                                      ,1852,25.37706446,-101.0113376,2020-04
CINEPOLIS VIP CUATRO CAMINOS,EXHIBIDORA MEXICANA CINEPOLIS,31 a 50 personas,BOULEVARD,INDEPENDENCIA,1300,COLONIA,SANTA MARIA,27010,5,COAHUILA DE ZARAGOZA,35,Torreón,1,Torreón                                                                                                       ,51,25.56023185,-103.4335808,2023-11
CINEPOLIS VIP GALERÍAS LAGUNA,EXHIBIDORA MEXICANA CINEPOLIS,11 a 30 personas,PERIFERICO,RAUL LOPEZ SANCHEZ,6000,FRACCIONAMIENTO,RECIDENCIAL GALERIAS,27018,5,COAHUILA DE ZARAGOZA,35,Torreón,1,Torreón                                                                                                       ,761,25.58176035,-103.4023054,2010-07
CINEPOLIS VIP PASEO MONCLOVA,EXHIBIDORA MEXICANA CINEPOLIS,31 a 50 personas,BOULEVARD,HAROLD R PAPE,1000,COLONIA,ESTANCIAS DE SAN JUAN BAUTISTA,25733,5,COAHUILA DE ZARAGOZA,18,Monclova,1,Monclova                                                                                                      ,039A,26.9484947,-101.4128508,2023-11
CINEPOLIS VIP PASEO VILLALTA,EXHIBIDORA MEXICANA CINEPOLIS,31 a 50 personas,BOULEVARD,VENUSTIANO CARRANZA,5945,COLONIA,25,25204,5,COAHUILA DE ZARAGOZA,30,Saltillo,1,Saltillo                                                                                                      ,1903,25.47614538,-100.9755104,2023-11
CINEPOLIS VIP SENDERO SALTILLO,EXHIBIDORA MEXICANA CINEPOLIS,31 a 50 personas,BOULEVARD,DOCTOR JESÚS VALDÉS SÁNCHEZ,365,COLONIA,EX HACIENDA DE LOS CERRITOS,25010,5,COAHUILA DE ZARAGOZA,30,Saltillo,1,Saltillo                                                                                                      ,1373,25.44386102,-100.9587989,2023-11
CITICINEMAS TORREON,GRUPO CINEMAS DEL PACIFICO,31 a 50 personas,BOULEVARD,PEDRO RODRÍGUEZ TRIANA,1950,COLONIA,LA MERCED II,27276,5,COAHUILA DE ZARAGOZA,35,Torreón,1,Torreón                                                                                                       ,3111,25.50925509,-103.3980432,2010-07
EXHIBIDORA DEL BRAVO,EXHIBIDORA DEL BRAVO,11 a 30 personas,CALLE,NEGRETE,345,COLONIA,ZONA CENTRO,26170,5,COAHUILA DE ZARAGOZA,22,Nava,1,Nava                                                                                                          ,301,28.42452241,-100.7754026,2025-04
EXHIBIDORA DEL BRAVO,EXHIBIDORA DEL BRAVO,11 a 30 personas,PROLONGACION,PADRE DE LAS CASAS,403,COLONIA,CENTRO,26000,5,COAHUILA DE ZARAGOZA,25,Piedras Negras,1,Piedras Negras                                                                                                ,549,28.69955836,-100.5159772,2010-07
RIO CINEMAS ALAMEDA,EXHIBIDORA DEL BRAVO,11 a 30 personas,CALLE,GUADALUPE VICTORIA,685,COLONIA,CENTRO,25000,5,COAHUILA DE ZARAGOZA,30,Saltillo,1,Saltillo                                                                                                      ,286,25.42435645,-101.0068013,2010-07
RIO CINEMAS AZTECA,EXHIBIDORA DEL BRAVO,11 a 30 personas,CALLE,CUAUHTÉMOC,414,COLONIA,EL PUEBLO,25730,5,COAHUILA DE ZARAGOZA,18,Monclova,1,Monclova                                                                                                      ,991,26.90828768,-101.4183714,2010-07
RIO CINEMAS CHAPULTEPEC,EXHIBIDORA DEL BRAVO,11 a 30 personas,CALLE,MONTERREY,,COLONIA,ROMA,26860,5,COAHUILA DE ZARAGOZA,32,San Juan de Sabinas,14,Nueva Rosita                                                                                                  ,401,27.93715923,-101.2175276,2010-07
RIO CINEMAS NAVA,EXHIBIDORA DEL BRAVO,11 a 30 personas,CALLE,NEGRETE,435,COLONIA,CENTRO,26170,5,COAHUILA DE ZARAGOZA,22,Nava,1,Nava                                                                                                          ,301,28.42467819,-100.7754105,2019-11
RIO CINEMAS SABINAS,EXHIBIDORA DEL BRAVO,6 a 10 personas,AVENIDA,CUAUHTÉMOC,1661,COLONIA,FUNDADORES,26740,5,COAHUILA DE ZARAGOZA,28,Sabinas,1,Sabinas                                                                                                       ,343,27.86766975,-101.1231724,2010-07
RIO CINEMAS TECNOLOGICO,EXHIBIDORA DEL BRAVO,11 a 30 personas,BOULEVARD,LIBRAMIENTO MANUEL PÉREZ TREVIÑO,225,COLONIA,TECNOLÓGICO,26080,5,COAHUILA DE ZARAGOZA,25,Piedras Negras,1,Piedras Negras                                                                                                ,676,28.69048322,-100.5588348,2010-07
SPYRAL CONOS DE CINEPOLIS,CINEPOLIS DE MEXICO,0 a 5 personas,BOULEVARD,EMILIO ARIZPE DE LA MAZA,2019,ZONA COMERCIAL,EL MIMBRE,25080,5,COAHUILA DE ZARAGOZA,30,Saltillo,1,Saltillo                                                                                                      ,1852,25.37610345,-101.0131059,2020-11
279 CINEMEX PLAZA TECOMAN POP,OPERADORA DE CINEMAS,11 a 30 personas,AVENIDA,RAMÓN SERRANO,846,COLONIA,EMPACADORAS DE LIMON,28180,6,COLIMA,9,Tecomán,1,Tecomán                                                                                                       ,696,18.90366419,-103.8801788,2025-04
49 CINEMEX COLIMA TRADICIONAL,OPERADORA DE CINEMAS,11 a 30 personas,CALLE,MARÍA AHUMADA DE GÓMEZ,371,COLONIA,CAMPESTRE BUGAMBILIAS,28970,6,COLIMA,10,Villa de Álvarez,1,Ciudad de Villa de Álvarez                                                                                    ,95,19.27389922,-103.7391428,2010-07
CINEMA MICRO 2001,SINDICATO DE TRABAJADORES DE LA INDUSTRIA CINEMATOGRAFICA SIMILARES Y CONEXOS DE LA REPUBLICA SECC 14,0 a 5 personas,CALLE,MACLOVIO HERRERA,47,COLONIA,CENTRO,28000,6,COLIMA,2,Colima,1,Colima                                                                                                        ,746,19.24669114,-103.7258855,2010-07
CINEMAS DEL COUNTRY,OPERADORA DE CINES Y TEATROS EN ESTADO DE COLIMA,31 a 50 personas,AVENIDA,FELIPE SEVILLA DEL RIO,201,COLONIA,JARDINES DE VISTA HERMOSA,28017,6,COLIMA,2,Colima,1,Colima                                                                                                        ,835,19.25458014,-103.714524,2010-07
CINEPOLIS PLAZA SAN FERNANDO,EXHIBIDORA MEXICANA CINEPOLIS,31 a 50 personas,AVENIDA,CONSTITUCIÓN,555,COLONIA,LOMAS DE CIRCUNVALACIÓN,28010,6,COLIMA,2,Colima,1,Colima                                                                                                        ,318,19.25225188,-103.7203919,2012-06
CINEPOLIS PLAZA TECOMÁN,EXHIBIDORA MEXICANA CINEPOLIS,11 a 30 personas,AVENIDA,INSURGENTES,35,COLONIA,CENTRO,28130,6,COLIMA,9,Tecomán,1,Tecomán                                                                                                       ,499,18.91596175,-103.877226,2023-11
CINEPOLIS PUNTO BAHÍA MANZANILLO (DUAL),EXHIBIDORA MEXICANA CINEPOLIS,11 a 30 personas,BOULEVARD,LICENCIADO MIGUEL DE LA MADRID HURTADO,3275,COLONIA,PLAYA AZUL,28218,6,COLIMA,7,Manzanillo,1,Manzanillo                                                                                                    ,329,19.10029905,-104.3252867,2010-07
CINEPOLIS SALAGUA,EXHIBIDORA MEXICANA CINEPOLIS,11 a 30 personas,CALLE,LICENCIADO MIGUEL DE LA MADRID HURTADO,1580,COLONIA,SALAGUA,28219,6,COLIMA,7,Manzanillo,1,Manzanillo                                                                                                    ,1539,19.10217757,-104.3273788,2017-03
CINEPOLIS ZENTRALIA COLIMA,EXHIBIDORA MEXICANA CINEPOLIS,31 a 50 personas,PERIFERICO,TERCER ANILLO PERIFÉRICO,301,COLONIA,LAS PRIMAVERAS,28050,6,COLIMA,2,Colima,1,Colima                                                                                                        ,1509,19.26564486,-103.6972709,2013-07
11 CINEMEX AMBAR CAPITAL PLATINO,OPERADORA DE CINEMAS,11 a 30 personas,CARRETERA,CARRETERA PANAMERICANA,651,COLONIA,PATRIA NUEVA,29040,7,CHIAPAS,101,Tuxtla Gutiérrez,1,Tuxtla Gutiérrez                                                                                              ,1713,16.7451419,-93.07499164,2020-11
12 CINEMEX AMBAR CAPITAL PREMIUM,OPERADORA DE CINEMAS,31 a 50 personas,CARRETERA,NINGUNO,651,COLONIA,EL RETIRO,29040,7,CHIAPAS,101,Tuxtla Gutiérrez,1,Tuxtla Gutiérrez                                                                                              ,1713,16.74534575,-93.07537191,2025-04
273 CINEMEX SORIANA TAPACHULA TRADICIONAL,OPERADORA DE CINEMAS,11 a 30 personas,AVENIDA,NINGUNO,182,COLONIA,CANTARRANAS,30700,7,CHIAPAS,89,Tapachula,1,Tapachula de Córdova y Ordóñez                                                                                ,105A,14.89347081,-92.27438377,2014-12
99 CINEMEX GALERIAS TUXTLA TRADICIONAL,OPERADORA DE CINEMAS,31 a 50 personas,BOULEVARD,DOCTOR BELISARIO DOMÍNGUEZ,1861,FRACCION,BUGAMBILIAS,29060,7,CHIAPAS,101,Tuxtla Gutiérrez,1,Tuxtla Gutiérrez                                                                                              ,433,16.75522055,-93.1482572,2017-03
CINEMEX,CINEMEX,11 a 30 personas,CALLE,BOULEVAR DIAZ ORDAZ,,COLONIA,LAZARO CARDENAS,30747,7,CHIAPAS,89,Tapachula,1,Tapachula de Córdova y Ordóñez                                                                                ,757,14.9044303,-92.24777424,2026-04
CINEPOLIS GALERÍAS TAPACHULA,EXHIBIDORA MEXICANA CINEPOLIS,31 a 50 personas,CARRETERA,NINGUNO,0,COLONIA,LAS HORTENCIAS,30797,7,CHIAPAS,89,Tapachula,1,Tapachula de Córdova y Ordóñez                                                                                ,1172,14.87611039,-92.28248019,2010-07
CINEPOLIS PASO LIMÓN,EXHIBIDORA MEXICANA CINEPOLIS,11 a 30 personas,BOULEVARD,JAIME SABINES,250,COLONIA,PASO LIMON,29049,7,CHIAPAS,101,Tuxtla Gutiérrez,1,Tuxtla Gutiérrez                                                                                              ,1696,16.76429073,-93.07950181,2023-11
CINEPOLIS PLAZA COMERCIAL TONALÁ,EXHIBIDORA MEXICANA CINEPOLIS,11 a 30 personas,AVENIDA,HIDALGO,312,COLONIA,SAN RAMON,30500,7,CHIAPAS,97,Tonalá,1,Tonalá                                                                                                        ,602,16.09956921,-93.76949491,2016-01
CINEPOLIS PLAZA LAS AMÉRICAS (ANTES PLAZA DEL SOL),EXHIBIDORA MEXICANA CINEPOLIS,31 a 50 personas,AVENIDA,QUINTA NORTE PONIENTE,2650,COLONIA,PLAZA LAS AMERICAS,29000,7,CHIAPAS,101,Tuxtla Gutiérrez,1,Tuxtla Gutiérrez                                                                                              ,268A,16.76311086,-93.14037325,2010-07
CINEPOLIS PLAZA LAS FLORES COMITÁN,EXHIBIDORA MEXICANA CINEPOLIS,31 a 50 personas,BOULEVARD,NINGUNO,0,COLONIA,MARANO N RUIZ,30098,7,CHIAPAS,19,Comitán de Domínguez,1,Comitán de Domínguez                                                                                          ,729,16.21559803,-92.11585497,2014-12
CINEPOLIS PLAZA LAS FLORES VILLAFLORES,EXHIBIDORA MEXICANA CINEPOLIS,11 a 30 personas,AVENIDA,SEXTA SUR,48,COLONIA,ALMACENES,30479,7,CHIAPAS,108,Villaflores,1,Villaflores                                                                                                   ,542,16.2246879,-93.27487976,2010-07
CINEPOLIS POLIFORUM TUXTLA,EXHIBIDORA MEXICANA CINEPOLIS,51 a 100 personas,CALZADA,ANDRÉS SERRA ROJAS,250,COLONIA,EL RETIRO,29040,7,CHIAPAS,101,Tuxtla Gutiérrez,1,Tuxtla Gutiérrez                                                                                              ,1709,16.74792619,-93.08273645,2010-07
CINEPOLIS SAN CRISTÓBAL (CHIAPAS),EXHIBIDORA MEXICANA CINEPOLIS,31 a 50 personas,DIAGONAL,HERMANOS PANIAGUA,50,BARRIO,DEL VALLE,29240,7,CHIAPAS,78,San Cristóbal de las Casas,1,San Cristóbal de las Casas                                                                                    ,433,16.73360444,-92.65187647,2010-07
CINEPOLIS TAPACHULA,EXHIBIDORA MEXICANA CINEPOLIS,31 a 50 personas,CARRETERA,A PUERTO MADERO KM 2,0,COLONIA,CANTARRANAS,30797,7,CHIAPAS,89,Tapachula,1,Tapachula de Córdova y Ordóñez                                                                                ,105A,14.89674103,-92.27457321,2010-07
CINESTAR,,6 a 10 personas,PERIFERICO,ORIENTE NORTE,3,BARRIO,EL HERRADERO,29950,7,CHIAPAS,59,Ocosingo,1,Ocosingo                                                                                                      ,1737,16.91548436,-92.09364302,2019-11
SALA DE CINE COMPUSYSTEM,,0 a 5 personas,AVENIDA,SEGUNDA PONIENTE SUR,,BARRIO,SANTO DOMINGO,30110,7,CHIAPAS,104,Tzimol,1,Tzimol                                                                                                        ,98,16.18052734,-92.18799091,2019-11
110 CINEMEX HOLLYWOOD CHIHUAHUA TRADICIONAL,OPERADORA DE CINEMAS,11 a 30 personas,CALLE,HACIENDA DE LA ESPERANZA ,7301,COLONIA,HACIENDAS DEL VALLE,31217,8,CHIHUAHUA,19,Chihuahua,1,Chihuahua                                                                                                     ,5940,28.63147856,-106.1237139,2010-07
121 CINEMEX JUVENTUD POP,OPERADORA DE CINEMAS,11 a 30 personas,AVENIDA,UNIVERSITARIO,401,COLONIA,PASEOS DE CHIHUAHUA,31119,8,CHIHUAHUA,19,Chihuahua,1,Chihuahua                                                                                                     ,5461,28.70381228,-106.1287098,2014-12
137 CINEMEX LIBRAMIENTO POP,OPERADORA DE CINEMAS,31 a 50 personas,AVENIDA,INDEPENDENCIA,1450,COLONIA,AEROPUERTO,32300,8,CHIHUAHUA,19,Chihuahua,1,Chihuahua                                                                                                     ,2325,28.6206177,-106.0510103,2023-11
160 CINEMEX MIRADOR TRADICIONAL,OPERADORA DE CINEMAS,11 a 30 personas,CALLE,ANTONIO ORTIZ MENA,33000,COLONIA,LAS AGUILAS,31063,8,CHIHUAHUA,19,Chihuahua,1,Chihuahua                                                                                                     ,2185,28.63970424,-106.0991714,2016-01
210 CINEMEX PLAZA EL CAMINO CD JUAREZ TRADICIONAL,OPERADORA DE CINEMAS,11 a 30 personas,AVENIDA,EJÉRCITO NACIONAL,7595,COLONIA,USOS MIXTOS,32530,8,CHIHUAHUA,37,Juárez,1,Juárez                                                                                                        ,5243,31.70180603,-106.4152716,2010-07
256 CINEMEX SAN LORENZO TRADICIONAL,OPERADORA DE CINEMAS,11 a 30 personas,AVENIDA,TECNOLOGICO,5298,COLONIA,SAN LORENZO,32320,8,CHIHUAHUA,37,Juárez,1,Juárez                                                                                                        ,492,31.73590448,-106.4246664,2016-01
261 CINEMEX SANDERS TRADICIONAL,OPERADORA DE CINEMAS,11 a 30 personas,CALLE,EDUARDO SANDERS,1551,COLONIA,EL BARREAL,32040,8,CHIHUAHUA,37,Juárez,1,Juárez                                                                                                        ,3660,31.72263617,-106.4694488,2014-12
60 CINEMEX DELICIAS TRADICIONAL,OPERADORA DE CINEMAS,11 a 30 personas,AVENIDA,DEL PARQUE ORIENTE ,1000,COLONIA,SECTOR ORIENTE,33000,8,CHIHUAHUA,21,Delicias,1,Delicias                                                                                                      ,721,28.18664597,-105.4626446,2014-12
61 CINEMEX DISTRITO UNO PLATINO,OPERADORA DE CINEMAS,11 a 30 personas,CALLE,CIUDADELA,3000,COLONIA,DESARROLLO EL SAUCITO,31114,8,CHIHUAHUA,19,Chihuahua,1,Chihuahua                                                                                                     ,5692,28.66262424,-106.1264833,2023-11
62 CINEMEX DISTRITO UNO PREMIUM,OPERADORA DE CINEMAS,11 a 30 personas,CALLE,CITADELA,0,COLONIA,DISTRITO UNO,31114,8,CHIHUAHUA,19,Chihuahua,1,Chihuahua                                                                                                     ,5692,28.66153206,-106.1263388,2025-04
89 CINEMEX FUENTES MARES TRADICIONAL,OPERADORA DE CINEMAS,11 a 30 personas,BOULEVARD,FUENTES MARES,,COLONIA,SANTA ROSA,31060,8,CHIHUAHUA,19,Chihuahua,1,Chihuahua                                                                                                     ,2325,28.62145088,-106.0513067,2016-01
97 CINEMEX GALERIAS TEC TRADICIONAL,OPERADORA DE CINEMAS,11 a 30 personas,AVENIDA,PEDRO ROSALES DE LEON,1770,FRACCIONAMIENTO,GALERIAS TEC,32500,8,CHIHUAHUA,37,Juárez,1,Juárez                                                                                                        ,4264,31.71598562,-106.4238213,2014-12
CINE PASO DEL NORTE,,0 a 5 personas,CALLE,FRANCISCO VILLA,107,COLONIA,CENTRO,32000,8,CHIHUAHUA,37,Juárez,1,Juárez                                                                                                        ,844,31.73978545,-106.4831546,2010-07
CINE VARIEDADES,,0 a 5 personas,CALLE,MINERVA,201,COLONIA,CENTRO,31700,8,CHIHUAHUA,50,Nuevo Casas Grandes,1,Nuevo Casas Grandes                                                                                           ,475,30.41711523,-107.9119998,2010-07
CINEMA DELICIAS,,11 a 30 personas,AVENIDA,4 SUR,,CIUDAD,SECTOR SUR,33000,8,CHIHUAHUA,21,Delicias,1,Delicias                                                                                                      ,670,28.19031804,-105.474466,2010-07
CINEPOLIS,CINEPOLIS DE MEXICO,0 a 5 personas,AVENIDA,DE LAS INDUSTRIAS,10000,PARQUE INDUSTRIAL,COMPLEJO INDUSTRIAL CHIHUAHUA,31136,8,CHIHUAHUA,19,Chihuahua,1,Chihuahua                                                                                                     ,5828,28.72251301,-106.1102144,2026-04
CINEPOLIS,EXHIBIDORA MEXICANA CINEPOLIS,6 a 10 personas,OTRO(ESPECIFIQUE),TERRENO BALDIO,,COLONIA,OBRERA,31750,8,CHIHUAHUA,50,Nuevo Casas Grandes,1,Nuevo Casas Grandes                                                                                           ,954,30.39388568,-107.9066594,2026-04
CINEPOLIS,EXHIBIDORA MEXICANA CINEPOLIS,11 a 30 personas,CALLE,PORTAL DE LA TIERRA,,ZONA COMERCIAL,PLAZA PINOCELLI,32695,8,CHIHUAHUA,37,Juárez,1,Juárez                                                                                                        ,6839,31.63548136,-106.4092206,2026-04
CINEPOLIS CHIHUAHUA,EXHIBIDORA MEXICANA CINEPOLIS,31 a 50 personas,AVENIDA,ZARAGOZA,114,COLONIA,GRANJAS,31160,8,CHIHUAHUA,19,Chihuahua,1,Chihuahua                                                                                                     ,2946,28.67375385,-106.1011883,2010-07
CINEPOLIS CUAUHTÉMOC,EXHIBIDORA MEXICANA CINEPOLIS,31 a 50 personas,CALLE,JOSÉ DE SAN MARTÍN,1720,FRACCIONAMIENTO,SAN ANTONIO,31530,8,CHIHUAHUA,17,Cuauhtémoc,1,Cuauhtémoc                                                                                                    ,856,28.40946831,-106.8539637,2010-07
CINEPOLIS DELICIAS,EXHIBIDORA MEXICANA CINEPOLIS,11 a 30 personas,CALLE,3 ORIENTE,805,COLONIA,CIUDAD DELICIAS,33000,8,CHIHUAHUA,21,Delicias,1,Delicias                                                                                                      ,702,28.18962161,-105.4623946,2023-11
CINEPOLIS ESCALA PARRAL,EXHIBIDORA MEXICANA CINEPOLIS,31 a 50 personas,AVENIDA,TECNOLÓGICO,31,COLONIA,GUAYIL HIDALGO DEL PARRAL,33855,8,CHIHUAHUA,32,Hidalgo del Parral,1,Hidalgo del Parral                                                                                            ,392,26.93195437,-105.6498175,2014-12
CINEPOLIS FASHION MALL (ANTES PLAZA DEL SOL),EXHIBIDORA MEXICANA CINEPOLIS,51 a 100 personas,AVENIDA,DE LA JUVENTUD,3501,COLONIA,PUERTA DE HIERO,31207,8,CHIHUAHUA,19,Chihuahua,1,Chihuahua                                                                                                     ,6987,28.6251396,-106.1152802,2020-04
CINEPOLIS JIMENEZ,CINEPOLIS JIMENEZ,11 a 30 personas,AVENIDA,SOR JUANA INES DE LA CRUZ,0,COLONIA,LA LADRILLERA,33980,8,CHIHUAHUA,36,Jiménez,1,José Mariano Jiménez                                                                                          ,1351,27.12260221,-104.921474,2020-11
CINEPOLIS JIMÉNEZ CHIHUAHUA,EXHIBIDORA MEXICANA CINEPOLIS,11 a 30 personas,AVENIDA,SOR JUANA INÉS DE LA CRUZ,1202,COLONIA,LADRILLERA,33980,8,CHIHUAHUA,36,Jiménez,1,José Mariano Jiménez                                                                                          ,1351,27.12272302,-104.9213902,2020-04
CINEPOLIS JUÁREZ CENTRO MALL,EXHIBIDORA MEXICANA CINEPOLIS,11 a 30 personas,CALLE,UGARTE,574,COLONIA,BELLAVISTA,32130,8,CHIHUAHUA,37,Juárez,1,Juárez                                                                                                        ,825,31.74136932,-106.4875998,2019-04
CINEPOLIS LA MONUMENTAL,EXHIBIDORA MEXICANA CINEPOLIS,31 a 50 personas,AVENIDA,PASEO TRIUNFO DE LA REPÚBLICA,4630,COLONIA,MONUMENTAL,32310,8,CHIHUAHUA,37,Juárez,1,Juárez                                                                                                        ,473,31.73708231,-106.4436765,2020-04
CINEPOLIS LAS AMÉRICAS JUÁREZ,EXHIBIDORA MEXICANA CINEPOLIS,11 a 30 personas,AVENIDA,BENJAMÍN FRANKLIN,3220,COLONIA,MARGARITAS,32300,8,CHIHUAHUA,37,Juárez,1,Juárez                                                                                                        ,469,31.74264302,-106.4511456,2020-04
CINEPOLIS LAS MISIONES (CD. JUÁREZ),EXHIBIDORA MEXICANA CINEPOLIS,51 a 100 personas,CALLE,TEÓFILO BORUNDA,8681,COLONIA,PARTIDO IGLESIAS,32618,8,CHIHUAHUA,37,Juárez,1,Juárez                                                                                                        ,2111,31.68588986,-106.4117825,2020-04
CINEPOLIS LAS TORRES (CD. JUÁREZ),EXHIBIDORA MEXICANA CINEPOLIS,51 a 100 personas,AVENIDA,DE LAS TORRES,2111,COLONIA,VALLE DE BRAVO,32000,8,CHIHUAHUA,37,Juárez,1,Juárez                                                                                                        ,6862,31.62453593,-106.3940817,2010-07
CINEPOLIS NUEVA ESPAÑA,EXHIBIDORA MEXICANA CINEPOLIS,11 a 30 personas,CALLE,VIALIDAD CH-P,2302,COLONIA,MÁRMOL,31063,8,CHIHUAHUA,19,Chihuahua,1,Chihuahua                                                                                                     ,2289,28.62410867,-106.0328497,2023-11
CINEPOLIS PASEO CENTRAL,CINEPOLIS DE MEXICO,0 a 5 personas,AVENIDA,DE LA JUVENTUD (LIC LUIS DONALDO COLOSIO MURRIETA),5915,COLONIA,HACIENDAS DEL VALLE I,31216,8,CHIHUAHUA,19,Chihuahua,1,Chihuahua                                                                                                     ,6991,28.6309217,-106.1207671,2020-11
CINEPOLIS PASEO CENTRAL (DUAL),EXHIBIDORA MEXICANA CINEPOLIS,31 a 50 personas,AVENIDA,DE LA JUVENTUD (LIC. LUIS DONALDO COLOSIO MURRIETA),5915,COLONIA,HACIENDA DEL VALLE,31216,8,CHIHUAHUA,19,Chihuahua,1,Chihuahua                                                                                                     ,6991,28.63148336,-106.1210065,2019-11
CINEPOLIS PLAZA ARENO (TALAMAS),EXHIBIDORA MEXICANA CINEPOLIS,11 a 30 personas,BOULEVARD,MANUEL TALAMAS CMAANDARI,,COLONIA,CERRADA SAN MATEO,32575,8,CHIHUAHUA,37,Juárez,1,Juárez                                                                                                        ,8017,31.58271159,-106.362452,2026-04
CINEPOLIS PLAZA CAMARGO,EXHIBIDORA MEXICANA CINEPOLIS,11 a 30 personas,BOULEVARD,LUIS H. ÁLVAREZ,805,COLONIA,ALSALCIA Y LORENA,33737,8,CHIHUAHUA,11,Camargo,1,Santa Rosalía de Camargo                                                                                      ,2878,27.66745969,-105.1716351,2023-11
CINEPOLIS PLAZA NOGALES (NUEVO CASAS GRANDES),EXHIBIDORA MEXICANA CINEPOLIS,31 a 50 personas,AVENIDA,LIBRAMIENTO LUIS R. BLANCO,601,COLONIA,OBRERA,31750,8,CHIHUAHUA,50,Nuevo Casas Grandes,1,Nuevo Casas Grandes                                                                                           ,954,30.39567869,-107.9068442,2025-04
CINEPOLIS PLAZA PINOCELLI,EXHIBIDORA MEXICANA CINEPOLIS,11 a 30 personas,AVENIDA,MIGUEL DE LA MADRID,7908,COLONIA,LOTE BRAVO,32695,8,CHIHUAHUA,37,Juárez,1,Juárez                                                                                                        ,6839,31.63474757,-106.411941,2023-11
CINEPOLIS SENDERO JABIL,EXHIBIDORA MEXICANA CINEPOLIS,31 a 50 personas,AVENIDA,VICTOR HUGO,11377,COLONIA,COMPLEJO INDUSTRIAL CHIHUAHUA,31136,8,CHIHUAHUA,19,Chihuahua,1,Chihuahua                                                                                                     ,5828,28.72323129,-106.1143817,2018-03
CINEPOLIS SENDERO JUÁREZ,EXHIBIDORA MEXICANA CINEPOLIS,31 a 50 personas,BOULEVARD,MANUEL GÓMEZ MORÍN,11219,COLONIA,PARTIDO SENECU,32540,8,CHIHUAHUA,37,Juárez,1,Juárez                                                                                                        ,756A,31.69096653,-106.3809371,2010-07
CINEPOLIS VIP FASHION MALL (ANTES PLAZA DEL SOL),EXHIBIDORA MEXICANA CINEPOLIS,51 a 100 personas,AVENIDA,DE LA JUVENTUD,3501,COLONIA,PUERTA DE HIERO,31207,8,CHIHUAHUA,19,Chihuahua,1,Chihuahua                                                                                                     ,6987,28.6251396,-106.1152802,2010-07
CINEPOLIS VIP LAS MISIONES (CD. JUÁREZ),EXHIBIDORA MEXICANA CINEPOLIS,51 a 100 personas,CALLE,TEÓFILO BORUNDA,8681,COLONIA,PARTIDO IGLESIAS,32618,8,CHIHUAHUA,37,Juárez,1,Juárez                                                                                                        ,2111,31.68518541,-106.4102624,2010-07
CINEPOLIS ZARAGOZA,EXHIBIDORA MEXICANA CINEPOLIS,31 a 50 personas,BOULEVARD,ZARAGOZA,6008,COLONIA,PARQUE INDUSTRIAL ZARAGOZA,32685,8,CHIHUAHUA,37,Juárez,1,Juárez                                                                                                        ,2465,31.65920968,-106.4422335,2010-07
102 CINEMEX GRAN SUR TRADICIONAL,OPERADORA DE CINEMAS,31 a 50 personas,CALLE,GRAN SUR,5550,COLONIA,PEDREGAL DE CARRASCO,4700,9,CIUDAD DE MÉXICO,3,Coyoacán,1,Coyoacán                                                                                                      ,1641,19.30330897,-99.16543854,2014-12
113 CINEMEX INSURGENTES PREMIUM,OPERADORA DE CINEMAS,11 a 30 personas,CALLE,SAN LUIS POTOSÍ,214,COLONIA,ROMA NORTE,6700,9,CIUDAD DE MÉXICO,15,Cuauhtémoc,1,Cuauhtémoc                                                                                                    ,1214,19.41289717,-99.16528391,2010-07
119 CINEMEX IZTAPALAPA TRADICIONAL,OPERADORA DE CINEMAS,31 a 50 personas,PERIFERICO,CANAL DE SAN JUAN,2141,COLONIA,CHINAMPAC DE JUÁREZ,9220,9,CIUDAD DE MÉXICO,7,Iztapalapa,1,Iztapalapa                                                                                                    ,547A,19.37832007,-99.05967933,2010-07
129 CINEMEX LA VIGA TRADICIONAL,OPERADORA DE CINEMAS,31 a 50 personas,EJE VIAL,5 SUR (PURÍSIMA) CALZADA DE LA VIGA ,1150,COLONIA,APATLACO,9430,9,CIUDAD DE MÉXICO,7,Iztapalapa,1,Iztapalapa                                                                                                    ,322,19.38029751,-99.12245099,2010-07
141 CINEMEX LOMAS ESTRELLA TRADICIONAL,OPERADORA DE CINEMAS,31 a 50 personas,AVENIDA,TLÁHUAC,4409,COLONIA,LOMAS ESTRELLA,9890,9,CIUDAD DE MÉXICO,7,Iztapalapa,1,Iztapalapa                                                                                                    ,4429,19.32188657,-99.09493287,2019-11
143 CINEMEX LORETO PREMIUM,OPERADORA DE CINEMAS,11 a 30 personas,CALLE,ALTAMIRANO,46,COLONIA,LORETO,1000,9,CIUDAD DE MÉXICO,10,Álvaro Obregón,1,Álvaro Obregón                                                                                                ,1241,19.33983268,-99.19284849,2010-07
15 CINEMEX ANTARA PLATINO,OPERADORA DE CINEMAS,31 a 50 personas,AVENIDA,EJÉRCITO NACIONAL MEXICANO,0,COLONIA,GRANADA,11520,9,CIUDAD DE MÉXICO,16,Miguel Hidalgo,1,Miguel Hidalgo                                                                                                ,444,19.43859018,-99.20284147,2010-07
150 CINEMEX MANACAR PREMIUM,OPERADORA DE CINEMAS,31 a 50 personas,AVENIDA,DE LOS INSURGENTES SUR,1357,COLONIA,INSURGENTES MIXCOAC,3920,9,CIUDAD DE MÉXICO,14,Benito Juárez,1,Benito Juárez                                                                                                 ,793,19.3687784,-99.18075243,2017-11
151 CINEMEX MARKET GALERIAS INSURGENTES MARKET,OPERADORA DE CINEMAS,31 a 50 personas,CALLE,PARROQUIA,179,COLONIA,ACTIPAN,3100,9,CIUDAD DE MÉXICO,14,Benito Juárez,1,Benito Juárez                                                                                                 ,806,19.37130917,-99.17846946,2010-07
159 CINEMEX MIGUEL ANGEL DE QUEVEDO POP,OPERADORA DE CINEMAS,31 a 50 personas,AVENIDA,MIGUEL ÁNGEL DE QUEVEDO,1144,COLONIA,PARQUE SAN ANDRÉS,4040,9,CIUDAD DE MÉXICO,3,Coyoacán,1,Coyoacán                                                                                                      ,164,19.34248089,-99.14655953,2026-04
16 CINEMEX ANTARA TRADICIONAL,OPERADORA DE CINEMAS,31 a 50 personas,AVENIDA,EJÉRCITO NACIONAL MEXICANO,843,COLONIA,GRANADA,11520,9,CIUDAD DE MÉXICO,16,Miguel Hidalgo,1,Miguel Hidalgo                                                                                                ,444,19.43860243,-99.20328406,2010-07
17 CINEMEX ARAGON TRADICIONAL,OPERADORA DE CINEMAS,31 a 50 personas,EJE VIAL,5 NORTE (CALZADA SAN JUAN DE ARAGÓN),516,COLONIA,DM NACIONAL,7455,9,CIUDAD DE MÉXICO,5,Gustavo A. Madero,1,Gustavo A. Madero                                                                                             ,3407,19.47839324,-99.09581467,2010-07
18 CINEMEX ARENAL TRADICIONAL,OPERADORA DE CINEMAS,31 a 50 personas,CALLE,ARENAL,651,PUEBLO,SANTA MARÍA TEPEPAN,16020,9,CIUDAD DE MÉXICO,13,Xochimilco,1,Xochimilco                                                                                                    ,14,19.27986975,-99.13700238,2019-11
180 CINEMEX PARK PLAZA PLATINO,OPERADORA DE CINEMAS,11 a 30 personas,AVENIDA,JAVIER BARROS SIERRA,540,COLONIA,SANTA FE LA LOMA,1210,9,CIUDAD DE MÉXICO,10,Álvaro Obregón,1,Álvaro Obregón                                                                                                ,2358,19.36422951,-99.2602555,2014-12
181 CINEMEX PARQUE DELTA PLATINO,OPERADORA DE CINEMAS,31 a 50 personas,EJE VIAL,1 PONIENTE (AVENIDA CUAUHTÉMOC),462,COLONIA,PIEDAD NARVARTE,3020,9,CIUDAD DE MÉXICO,14,Benito Juárez,1,Benito Juárez                                                                                                 ,26,19.40330142,-99.15537672,2010-07
182 CINEMEX PARQUE DELTA TRADICIONAL,OPERADORA DE CINEMAS,31 a 50 personas,EJE VIAL,1 PONIENTE (AVENIDA CUAUHTÉMOC),462,COLONIA,PIEDAD NARVARTE,3020,9,CIUDAD DE MÉXICO,14,Benito Juárez,1,Benito Juárez                                                                                                 ,26,19.40337689,-99.15537078,2025-04
183 CINEMEX PARQUE LINDAVISTA TRADICIONAL,OPERADORA DE CINEMAS,31 a 50 personas,CALLE,COLECTOR 13,280,COLONIA,MAGDALENA DE LAS SALINAS,7760,9,CIUDAD DE MÉXICO,5,Gustavo A. Madero,1,Gustavo A. Madero                                                                                             ,1256,19.48711485,-99.1317381,2010-07
19 CINEMEX ARTZ PEDREGAL POMARKET,OPERADORA DE CINEMAS,31 a 50 personas,BOULEVARD,ADOLFO RUIZ CORTINES,3720,COLONIA,JARDINES DEL PEDREGAL,1900,9,CIUDAD DE MÉXICO,10,Álvaro Obregón,1,Álvaro Obregón                                                                                                ,128A,19.31435843,-99.22045015,2023-11
195 CINEMEX PATIO REVOLUCION PLATINO,OPERADORA DE CINEMAS,11 a 30 personas,AVENIDA,REVOLUCION,1817,COLONIA,LORETO,1000,9,CIUDAD DE MÉXICO,10,Álvaro Obregón,1,Álvaro Obregón                                                                                                ,1203,19.34152769,-99.19112213,2019-11
197 CINEMEX PATRIOTISMO PREMIUM,OPERADORA DE CINEMAS,31 a 50 personas,CIRCUITO,INTERIOR (AVENIDA PATRIOTISMO),229,COLONIA,SAN PEDRO DE LOS PINOS,3800,9,CIUDAD DE MÉXICO,14,Benito Juárez,1,Benito Juárez                                                                                                 ,187,19.39600333,-99.18103251,2010-07
20 CINEMEX ARTZ PEDREGAL PREMIUM MARKET,OPERADORA DE CINEMAS,31 a 50 personas,BOULEVARD,BOULEVARD ADOLFO RUIZ CORTINES,3720,COLONIA,JARDINES DEL PEDREGAL,1900,9,CIUDAD DE MÉXICO,10,Álvaro Obregón,1,Álvaro Obregón                                                                                                ,128A,19.31437351,-99.22045264,2020-04
21 CINEMEX ATANA LINDAVISTA PREMIUM,OPERADORA DE CINEMAS,31 a 50 personas,AVENIDA,MIGUEL BERNARD,1191,COLONIA,LA PURÍSIMA TICOMÁN,7320,9,CIUDAD DE MÉXICO,5,Gustavo A. Madero,1,Gustavo A. Madero                                                                                             ,2856,19.51763,-99.1429995,2010-07
217 CINEMEX PLAZA ORIENTE TRADICIONAL,OPERADORA DE CINEMAS,31 a 50 personas,AVENIDA,CANAL DE TEZONTLE,1512,COLONIA,DOCTOR ALFONSO ORTIZ TIRADO,9020,9,CIUDAD DE MÉXICO,7,Iztapalapa,1,Iztapalapa                                                                                                    ,2390,19.38203086,-99.08269538,2010-07
225 CINEMEX PORTAL CENTRO TRADICIONAL,OPERADORA DE CINEMAS,31 a 50 personas,CALLE,LORENZO BOTURINI,258,COLONIA,TRÁNSITO,6820,9,CIUDAD DE MÉXICO,15,Cuauhtémoc,1,Cuauhtémoc                                                                                                    ,1163,19.41753059,-99.13017643,2017-11
228 CINEMEX PORTAL VALLEJO TRADICIONAL,OPERADORA DE CINEMAS,11 a 30 personas,EJE VIAL,1 PONIENTE (CALZADA VALLEJO),296,COLONIA,SAN FRANCISCO XOCOTITLA,2940,9,CIUDAD DE MÉXICO,2,Azcapotzalco,1,Azcapotzalco                                                                                                  ,580,19.46804492,-99.14419479,2019-11
230 CINEMEX PRADO COAPA TRADICIONAL,OPERADORA DE CINEMAS,11 a 30 personas,AVENIDA,ESCUELA ,4513,COLONIA,EX-HACIENDA SAN JUAN DE DIOS,14387,9,CIUDAD DE MÉXICO,12,Tlalpan,1,Tlalpan                                                                                                       ,708,19.28898958,-99.13230823,2010-07
239 CINEMEX REAL TRADICIONAL,OPERADORA DE CINEMAS,31 a 50 personas,CALLE,CRISTÓBAL COLÓN,17,COLONIA,CENTRO,6000,9,CIUDAD DE MÉXICO,15,Cuauhtémoc,1,Cuauhtémoc                                                                                                    ,733,19.43603017,-99.14758614,2010-07
240 CINEMEX REFORMA PREMIUM,OPERADORA DE CINEMAS,11 a 30 personas,CALLE,RÍO GUADALQUIVIR,104,COLONIA,CUAUHTÉMOC,6500,9,CIUDAD DE MÉXICO,15,Cuauhtémoc,1,Cuauhtémoc                                                                                                    ,930,19.42711065,-99.16932907,2019-11
241 CINEMEX REFORMA 222 PREMIUM,OPERADORA DE CINEMAS,31 a 50 personas,AVENIDA,PASEO DE LA REFORMA,222,COLONIA,JUÁREZ,6600,9,CIUDAD DE MÉXICO,15,Cuauhtémoc,1,Cuauhtémoc                                                                                                    ,803,19.42905343,-99.16218471,2010-07
244 CINEMEX ROSARIO TRADICIONAL,OPERADORA DE CINEMAS,11 a 30 personas,CALLE,CULTURA NORTE,901,COLONIA,EL ROSARIO,2100,9,CIUDAD DE MÉXICO,2,Azcapotzalco,1,Azcapotzalco                                                                                                  ,928,19.50399567,-99.20137637,2017-11
249 CINEMEX SAN ANTONIO TRADICIONAL,OPERADORA DE CINEMAS,31 a 50 personas,CALLE,10,132,COLONIA,SAN PEDRO DE LOS PINOS,1180,9,CIUDAD DE MÉXICO,10,Álvaro Obregón,1,Álvaro Obregón                                                                                                ,135,19.38964135,-99.19187938,2010-07
264 CINEMEX SANTA FE PLATINO,OPERADORA DE CINEMAS,31 a 50 personas,PROLONGACION,VASCO DE QUIROGA,3800,COLONIA,SANTA FE CUAJIMALPA,5109,9,CIUDAD DE MÉXICO,4,Cuajimalpa de Morelos,1,Cuajimalpa de Morelos                                                                                         ,369,19.36220746,-99.27566677,2010-07
265 CINEMEX SANTA FE TRADICIONAL,OPERADORA DE CINEMAS,31 a 50 personas,AVENIDA,VASCO DE QUIROGA,3800,COLONIA,SANTA FE CUAJIMALPA,5348,9,CIUDAD DE MÉXICO,4,Cuajimalpa de Morelos,1,Cuajimalpa de Morelos                                                                                         ,369,19.36247246,-99.27487916,2025-04
280 CINEMEX TENAYUCA TRADICIONAL,OPERADORA DE CINEMAS,31 a 50 personas,AVENIDA,LUIS ESPINOZA,,COLONIA,ACUEDUCTO DE GUADALUPE,7268,9,CIUDAD DE MÉXICO,5,Gustavo A. Madero,1,Gustavo A. Madero                                                                                             ,277,19.5291992,-99.15548312,2010-07
283 CINEMEX TEZONTLE TRADICIONAL,OPERADORA DE CINEMAS,31 a 50 personas,AVENIDA,CANAL DE TEZONTLE,1512,COLONIA,DOCTOR ALFONSO ORTIZ TIRADO,9020,9,CIUDAD DE MÉXICO,7,Iztapalapa,1,Iztapalapa                                                                                                    ,2390,19.38196938,-99.08241325,2010-07
288 CINEMEX TLAHUAC TRADICIONAL,OPERADORA DE CINEMAS,31 a 50 personas,AVENIDA,TLÁHUAC,,COLONIA,SAN LORENZO TEZONCO,9790,9,CIUDAD DE MÉXICO,7,Iztapalapa,1,Iztapalapa                                                                                                    ,2121,19.30522143,-99.06128988,2010-07
289 CINEMEX TLALPAN TRADICIONAL,OPERADORA DE CINEMAS,31 a 50 personas,CALZADA,CALZADA DE TLALPAN,,COLONIA,DE SANTA ÚRSULA COAPA,4370,9,CIUDAD DE MÉXICO,3,Coyoacán,1,Coyoacán                                                                                                      ,1124,19.30017157,-99.14919233,2017-03
298 CINEMEX UNIVERSIDAD TRADICIONAL,OPERADORA DE CINEMAS,31 a 50 personas,AVENIDA,UNIVERSIDAD,740,COLONIA,SANTA CRUZ ATOYAC,3310,9,CIUDAD DE MÉXICO,14,Benito Juárez,1,Benito Juárez                                                                                                 ,825,19.37335691,-99.16298584,2010-07
305 CINEMEX VIA SAN JUAN TRADICIONAL,OPERADORA DE CINEMAS,31 a 50 personas,CALZADA,GENERAL IGNACIO ZARAGOZA,1577,COLONIA,TEPALCATES,9210,9,CIUDAD DE MÉXICO,7,Iztapalapa,1,Iztapalapa                                                                                                    ,36,19.39243063,-99.04947806,2016-10
311 CINEMEX CORPORATIVO,OPERADORA DE CINEMAS,11 a 30 personas,AVENIDA,JAVIER BARROS SIERRA,540,COLONIA,SANTA FE,1210,9,CIUDAD DE MÉXICO,10,Álvaro Obregón,1,Álvaro Obregón                                                                                                ,1542,19.36410092,-99.26065256,2012-06
313 CINEMEX CUICUILCO PLATINO,OPERADORA DE CINEMAS,11 a 30 personas,AVENIDA,SAN FERNANDO,765,COLONIA,PEÑA POBRE,14060,9,CIUDAD DE MÉXICO,12,Tlalpan,1,Tlalpan                                                                                                       ,1890,19.29559887,-99.18359881,2010-07
38 CINEMEX CENTRO TELMEX TRADICIONAL,OPERADORA DE CINEMAS,11 a 30 personas,EJE VIAL,1 PONIENTE (AVENIDA CUAUHTÉMOC),19,COLONIA,ROMA NORTE,6700,9,CIUDAD DE MÉXICO,15,Cuauhtémoc,1,Cuauhtémoc                                                                                                    ,1017,19.42470826,-99.15389627,2010-07
46 CINEMEX CLAVERIA TRADICIONAL,OPERADORA DE CINEMAS,11 a 30 personas,CALLE,EGIPTO,142,COLONIA,CLAVERÍA,2080,9,CIUDAD DE MÉXICO,2,Azcapotzalco,1,Azcapotzalco                                                                                                  ,805,19.46354403,-99.18205489,2016-10
48 CINEMEX COAPA TRADICIONAL,OPERADORA DE CINEMAS,31 a 50 personas,CALZADA,2 ORIENTE AVENIDA CANAL DE MIRAMONTES,519,COLONIA,RESIDENCIAL MIRAMONTES,14300,9,CIUDAD DE MÉXICO,12,Tlalpan,1,Tlalpan                                                                                                       ,1918,19.30300868,-99.12454238,2019-11
55 CINEMEX CUAUHTEMOC TRADICIONAL,OPERADORA DE CINEMAS,11 a 30 personas,CALLE,ANTONIO M ANZA,20,COLONIA,ROMA SUR,6700,9,CIUDAD DE MÉXICO,15,Cuauhtémoc,1,Cuauhtémoc                                                                                                    ,138A,19.41170862,-99.15512241,2010-07
58 CINEMEX CUICUILCO TRADICIONAL,OPERADORA DE CINEMAS,11 a 30 personas,AVENIDA,SAN FERNANDO,765,COLONIA,PEÑA POBRE,14060,9,CIUDAD DE MÉXICO,12,Tlalpan,1,Tlalpan                                                                                                       ,1890,19.29559887,-99.18359881,2016-10
66 CINEMEX DURAZNOS PLATINO,OPERADORA DE CINEMAS,11 a 30 personas,CALLE,BOSQUE DE DURAZNOS,39,COLONIA,BOSQUE DE LAS LOMAS,11700,9,CIUDAD DE MÉXICO,16,Miguel Hidalgo,1,Miguel Hidalgo                                                                                                ,1245,19.40300992,-99.24294919,2010-07
73 CINEMEX ENCUENTRO OCEANIA TRADICIONAL,OPERADORA DE CINEMAS,31 a 50 personas,AVENIDA,AVENIDA DEL PEÑON,355,COLONIA,MOCTEZUMA SEGUNDA SECCIÓN,15530,9,CIUDAD DE MÉXICO,17,Venustiano Carranza,1,Venustiano Carranza                                                                                           ,441,19.44097411,-99.09338603,2023-11
79 CINEMEX FELIX CUEVAS PLATINO,OPERADORA DE CINEMAS,31 a 50 personas,CALLE,FÉLIX CUEVAS,,COLONIA,TLACOQUEMECATL,3100,9,CIUDAD DE MÉXICO,14,Benito Juárez,1,Benito Juárez                                                                                                 ,736,19.37254766,-99.17296996,2014-12
80 CINEMEX FERRERIA TRADICIONAL,OPERADORA DE CINEMAS,11 a 30 personas,EJE VIAL,4 NORTE (ANTIGUA CALZADA DE GUADALUPE),99,COLONIA,SAN MARCOS,2020,9,CIUDAD DE MÉXICO,2,Azcapotzalco,1,Azcapotzalco                                                                                                  ,326,19.48965792,-99.17922878,2019-11
9 CINEMEX ALTAVISTA PREMIUM,OPERADORA DE CINEMAS,11 a 30 personas,CALZADA,CAMINO AL DESIERTO DE LOS LEONES,52,COLONIA,SAN ÁNGEL,5600,9,CIUDAD DE MÉXICO,10,Álvaro Obregón,1,Álvaro Obregón                                                                                                ,1129,19.34900914,-99.19000601,2010-07
90 CINEMEX GALERIAS TRADICIONAL,OPERADORA DE CINEMAS,11 a 30 personas,AVENIDA,MELCHOR OCAMPO,193,COLONIA,VERÓNICA ANZURES,11300,9,CIUDAD DE MÉXICO,16,Miguel Hidalgo,1,Miguel Hidalgo                                                                                                ,603,19.43587579,-99.17016085,2010-07
CINE SAVOY,DISTRIVIDED CINE SAVOY,6 a 10 personas,CALLE,16 DE SEPTIEMBRE,6,COLONIA,CENTRO,6000,9,CIUDAD DE MÉXICO,15,Cuauhtémoc,1,Cuauhtémoc                                                                                                    ,767,19.43280924,-99.14065756,2019-11
CINE TACUBA,,0 a 5 personas,CALZADA,MEXICO TACUBA,692,COLONIA,TACUBA,11410,9,CIUDAD DE MÉXICO,16,Miguel Hidalgo,1,Miguel Hidalgo                                                                                                ,162,19.45850275,-99.18519365,2010-07
CINE TONALA CDMX,,11 a 30 personas,CALLE,TONALA,261,COLONIA,ROMA SUR,6760,9,CIUDAD DE MÉXICO,15,Cuauhtémoc,1,Cuauhtémoc                                                                                                    ,1375,19.40901502,-99.16044814,2010-07
CINE TOP,XTRA CINEMAS,11 a 30 personas,AVENIDA,AQUILES SERDAN,400,COLONIA,NEXTENGO,2070,9,CIUDAD DE MÉXICO,2,Azcapotzalco,1,Azcapotzalco                                                                                                  ,472,19.47316128,-99.18941528,2016-10
CINE VENUS,DISTRITUR,0 a 5 personas,CALLE,REPUBLICA DE CHILE,34,CIUDAD,CENTRO,6010,9,CIUDAD DE MÉXICO,15,Cuauhtémoc,1,Cuauhtémoc                                                                                                    ,644,19.4378784,-99.1356345,2010-07
CINEMANIA,CINEMANIA,6 a 10 personas,EJE VIAL,10 SUR RIO MAGDALENA,,COLONIA,LORETO,1090,9,CIUDAD DE MÉXICO,10,Álvaro Obregón,1,Álvaro Obregón                                                                                                ,1241,19.33844196,-99.19286151,2014-12
CINEMAS TLAHUAC,EXHIBICION ALTERNATIVA,0 a 5 personas,AVENIDA,TLÁHUAC,5295,COLONIA,LOS OLIVOS,13210,9,CIUDAD DE MÉXICO,11,Tláhuac,1,Tláhuac                                                                                                       ,58,19.30493125,-99.06176269,2016-10
CINEMEX CLAVERIA,OPERADORA DE CINEMAS,31 a 50 personas,CALLE,EGIPTO,142,COLONIA,CLAVERÍA,2080,9,CIUDAD DE MÉXICO,2,Azcapotzalco,1,Azcapotzalco                                                                                                  ,805,19.46354403,-99.18205489,2026-04
CINEPOLIS AJUSCO,EXHIBIDORA MEXICANA CINEPOLIS,31 a 50 personas,CARRETERA,PICACHO AJUSCO,175,COLONIA,HÉROES DE PADIERNA,14200,9,CIUDAD DE MÉXICO,12,Tlalpan,1,Tlalpan                                                                                                       ,2070,19.29864541,-99.21136529,2017-03
CINEPOLIS ÁNFORA,EXHIBIDORA MEXICANA CINEPOLIS,11 a 30 personas,CALLE,ÁNFORA,71,COLONIA,MADERO,15390,9,CIUDAD DE MÉXICO,17,Venustiano Carranza,1,Venustiano Carranza                                                                                           ,418,19.43620447,-99.11061809,2019-11
CINEPOLIS COPILCO,EXHIBIDORA MEXICANA CINEPOLIS,31 a 50 personas,AVENIDA,PEDRO HENRÍQUEZ UREÑA,546,COLONIA,LOS REYES COYOACÁN,4330,9,CIUDAD DE MÉXICO,3,Coyoacán,1,Coyoacán                                                                                                      ,446,19.33518849,-99.15676552,2010-07
CINEPOLIS DIANA,EXHIBIDORA MEXICANA CINEPOLIS,31 a 50 personas,AVENIDA,PASEO DE LA REFORMA,423,COLONIA,CUAUHTÉMOC,6500,9,CIUDAD DE MÉXICO,15,Cuauhtémoc,1,Cuauhtémoc                                                                                                    ,930,19.42565843,-99.17140096,2010-07
CINEPOLIS FÓRUM BUENAVISTA,EXHIBIDORA MEXICANA CINEPOLIS,51 a 100 personas,EJE VIAL,1 NORTE MOSQUETA,259,COLONIA,BUENAVISTA,6350,9,CIUDAD DE MÉXICO,15,Cuauhtémoc,1,Cuauhtémoc                                                                                                    ,049A,19.44994604,-99.15240142,2014-12
CINEPOLIS GRAN TERRAZA COAPA,EXHIBIDORA MEXICANA CINEPOLIS,31 a 50 personas,CALZADA,ACOXPA,610,COLONIA,VILLA COAPA,14390,9,CIUDAD DE MÉXICO,12,Tlalpan,1,Tlalpan                                                                                                       ,479,19.29458222,-99.12964774,2023-11
CINEPOLIS MIRAMONTES,EXHIBIDORA MEXICANA CINEPOLIS,31 a 50 personas,EJE VIAL,2 ORIENTE AVENIDA CANAL DE MIRAMONTES,2053,COLONIA,LOS GIRASOLES,4920,9,CIUDAD DE MÉXICO,3,Coyoacán,1,Coyoacán                                                                                                      ,168A,19.31055838,-99.12419789,2010-07
CINEPOLIS MITIKAH,EXHIBIDORA MEXICANA CINEPOLIS,51 a 100 personas,CALLE,REAL MAYORAZGO,130,COLONIA,XOCO,3330,9,CIUDAD DE MÉXICO,14,Benito Juárez,1,Benito Juárez                                                                                                 ,967,19.36104879,-99.16978526,2023-11
CINEPOLIS OASIS COYOACÁN,EXHIBIDORA MEXICANA CINEPOLIS,51 a 100 personas,AVENIDA,UNIVERSIDAD,1778,COLONIA,ROMERO DE TERREROS,4310,9,CIUDAD DE MÉXICO,3,Coyoacán,1,Coyoacán                                                                                                      ,249,19.34621572,-99.18065102,2019-11
CINEPOLIS PABELLÓN CUEMANCO,EXHIBIDORA MEXICANA CINEPOLIS,11 a 30 personas,CALLE,CAÑAVERALES,222,COLONIA,GRANJAS COAPA,14330,9,CIUDAD DE MÉXICO,12,Tlalpan,1,Tlalpan                                                                                                       ,1975,19.2938468,-99.1079444,2017-03
CINEPOLIS PARQUE LAS ANTENAS,EXHIBIDORA MEXICANA CINEPOLIS,51 a 100 personas,AVENIDA,CANAL DE GARAY,3278,COLONIA,LA ESPERANZA,9910,9,CIUDAD DE MÉXICO,7,Iztapalapa,1,Iztapalapa                                                                                                    ,390A,19.31556874,-99.07713905,2019-04
CINEPOLIS PARQUE TEPEYAC,EXHIBIDORA MEXICANA CINEPOLIS,51 a 100 personas,EJE VIAL,3 ORIENTE AVENIDA INGENIERO EDUARDO MOLINA,6730,COLONIA,GRANJAS MODERNAS,7460,9,CIUDAD DE MÉXICO,5,Gustavo A. Madero,1,Gustavo A. Madero                                                                                             ,1646,19.47692794,-99.09905339,2023-11
CINEPOLIS PASEO ACOXPA,EXHIBIDORA MEXICANA CINEPOLIS,31 a 50 personas,CALZADA,ACOXPA,430,RESIDENCIAL,VERGEL DEL SUR,14300,9,CIUDAD DE MÉXICO,12,Tlalpan,1,Tlalpan                                                                                                       ,214,19.29736268,-99.13652482,2012-06
CINEPOLIS PATIO SANTA FE,EXHIBIDORA MEXICANA CINEPOLIS,31 a 50 personas,AUTOPISTA,MEXICO TOLUCA PROLONGACION PASEO DE LA REFORMA,,COLONIA,SANTA FE PEÑA BLANCA,1376,9,CIUDAD DE MÉXICO,10,Álvaro Obregón,1,Álvaro Obregón                                                                                                ,1379,19.37833533,-99.25404455,2014-12
CINEPOLIS PATIO TLALPAN,EXHIBIDORA MEXICANA CINEPOLIS,31 a 50 personas,AVENIDA,INSURGENTES SUR,4087,COLONIA,SANTA ÚRSULA XITLA,14420,9,CIUDAD DE MÉXICO,12,Tlalpan,1,Tlalpan                                                                                                       ,939,19.28490434,-99.17582206,2019-04
CINEPOLIS PATIO UNIVERSIDAD,EXHIBIDORA MEXICANA CINEPOLIS,31 a 50 personas,EJE VIAL,UNIVERSIDAD,1048,COLONIA,XOCO,3330,9,CIUDAD DE MÉXICO,14,Benito Juárez,1,Benito Juárez                                                                                                 ,952,19.36603452,-99.16763812,2016-01
CINEPOLIS PERISUR,EXHIBIDORA MEXICANA CINEPOLIS,101 a 250 personas,PERIFERICO,ADOLFO RUÍZ CORTINES,4690,COLONIA,INSURGENTES CUICUILCO,4500,9,CIUDAD DE MÉXICO,3,Coyoacán,1,Coyoacán                                                                                                      ,1105,19.30271599,-99.18993674,2017-03
CINEPOLIS PLAZA AEROPUERTO ZARAGOZA,EXHIBIDORA MEXICANA CINEPOLIS,31 a 50 personas,CALZADA,IGNACIO ZARAGOZA,270,COLONIA,SANTA CRUZ AVIACIÓN,15540,9,CIUDAD DE MÉXICO,17,Venustiano Carranza,1,Venustiano Carranza                                                                                           ,1007,19.42048708,-99.09672147,2012-06
CINEPOLIS PLAZA CARSO,EXHIBIDORA MEXICANA CINEPOLIS,11 a 30 personas,CALLE,LAGO ZÚRICH,245,COLONIA,GRANADA AMPLIACIÓN,11529,9,CIUDAD DE MÉXICO,16,Miguel Hidalgo,1,Miguel Hidalgo                                                                                                ,444,19.44110977,-99.20300761,2010-07
CINEPOLIS PLAZA CENTRAL,EXHIBIDORA MEXICANA CINEPOLIS,51 a 100 personas,EJE VIAL,4 ORIENTE RIO CHURUBUSCO,1635,COLONIA,CENTRAL DE ABASTO,9040,9,CIUDAD DE MÉXICO,7,Iztapalapa,1,Iztapalapa                                                                                                    ,2475,19.37686551,-99.09661302,2011-03
CINEPOLIS PLAZA CUITLÁHUAC,EXHIBIDORA MEXICANA CINEPOLIS,11 a 30 personas,AVENIDA,CUITLÁHUAC,2309,COLONIA,SAN SALVADOR XOCHIMANCA,2870,9,CIUDAD DE MÉXICO,2,Azcapotzalco,1,Azcapotzalco                                                                                                  ,824,19.45963402,-99.17823628,2023-11
CINEPOLIS PLAZA ERMITA IZTAPALAPA,EXHIBIDORA MEXICANA CINEPOLIS,51 a 100 personas,EJE VIAL,8 SUR (CALZADA ERMITA IZTAPALAPA),3417,COLONIA,XALPA,9640,9,CIUDAD DE MÉXICO,7,Iztapalapa,1,Iztapalapa                                                                                                    ,2691,19.3482786,-99.01849465,2011-03
CINEPOLIS PLAZA FORTUNA,EXHIBIDORA MEXICANA CINEPOLIS,31 a 50 personas,AVENIDA,4 NORTE AVENIDA FORTUNA,334,COLONIA,MAGDALENA DE LAS SALINAS,7760,9,CIUDAD DE MÉXICO,5,Gustavo A. Madero,1,Gustavo A. Madero                                                                                             ,1256,19.48456142,-99.13355899,2023-11
CINEPOLIS PLAZA ORIENTE,EXHIBIDORA MEXICANA CINEPOLIS,11 a 30 personas,EJE VIAL,3 ORIENTE (INGENIERO EDUARDO MOLINA),1623,COLONIA,EL COYOL,7420,9,CIUDAD DE MÉXICO,5,Gustavo A. Madero,1,Gustavo A. Madero                                                                                             ,2907,19.48576966,-99.09457581,2010-07
CINEPOLIS PLAZA PARQUE JARDÍN,EXHIBIDORA MEXICANA CINEPOLIS,11 a 30 personas,AVENIDA,JARDÍN,330,COLONIA,DEL GAS,2950,9,CIUDAD DE MÉXICO,2,Azcapotzalco,1,Azcapotzalco                                                                                                  ,542,19.46870157,-99.15941877,2017-11
CINEPOLIS PLAZA TEPEYAC,EXHIBIDORA MEXICANA CINEPOLIS,11 a 30 personas,CALZADA,DE GUADALUPE,431,COLONIA,GUADALUPE TEPEYAC,7840,9,CIUDAD DE MÉXICO,5,Gustavo A. Madero,1,Gustavo A. Madero                                                                                             ,1805,19.47230288,-99.12188001,2010-07
CINEPOLIS PORTAL CHURUBUSCO,EXHIBIDORA MEXICANA CINEPOLIS,31 a 50 personas,AVENIDA,RÍO CHURUBUSCO,583,COLONIA,SECTOR POPULAR,9060,9,CIUDAD DE MÉXICO,7,Iztapalapa,1,Iztapalapa                                                                                                    ,676,19.36906888,-99.12166221,2014-12
CINEPOLIS PORTAL SAN ÁNGEL,EXHIBIDORA MEXICANA CINEPOLIS,31 a 50 personas,AVENIDA,REVOLUCIÓN,1267,COLONIA,LOS ALPES,1040,9,CIUDAD DE MÉXICO,10,Álvaro Obregón,1,Álvaro Obregón                                                                                                ,987,19.36082219,-99.18955906,2023-11
CINEPOLIS PUERTA ARAGÓN,EXHIBIDORA MEXICANA CINEPOLIS,31 a 50 personas,AVENIDA,CONSTITUCION DE LA REPÚBLICA,221,COLONIA,LA PRADERA,7500,9,CIUDAD DE MÉXICO,5,Gustavo A. Madero,1,Gustavo A. Madero                                                                                             ,1716,19.48014404,-99.06501588,2026-04
CINEPOLIS PUERTA TLATELOLCO (DUAL),EXHIBIDORA MEXICANA CINEPOLIS,31 a 50 personas,EJE VIAL,2 NORTE MANUEL GONZALEZ,95,COLONIA,SAN SIMÓN TOLNAHUAC,6920,9,CIUDAD DE MÉXICO,15,Cuauhtémoc,1,Cuauhtémoc                                                                                                    ,80,19.45581119,-99.14210459,2023-11
CINEPOLIS TENARIA CENTENARIO,EXHIBIDORA MEXICANA CINEPOLIS,11 a 30 personas,AVENIDA,PROLONGACION 5 DE MAYO,3121,COLONIA,EX-HACIENDA DE TARANGO,1618,9,CIUDAD DE MÉXICO,10,Álvaro Obregón,1,Álvaro Obregón                                                                                                ,2292,19.3618229,-99.22335558,2023-11
CINEPOLIS TLATELOLCO,EXHIBIDORA MEXICANA CINEPOLIS,11 a 30 personas,AVENIDA,RICARDO FLORES MAGÓN,210,COLONIA,GUERRERO,6300,9,CIUDAD DE MÉXICO,15,Cuauhtémoc,1,Cuauhtémoc                                                                                                    ,521,19.45065704,-99.14030476,2019-04
CINEPOLIS TORRES LINDAVISTA,EXHIBIDORA MEXICANA CINEPOLIS,31 a 50 personas,AVENIDA,MIGUEL OTHON DE MENDIZABAL ORIENTE,343,COLONIA,NUEVA INDUSTRIAL VALLEJO,7700,9,CIUDAD DE MÉXICO,5,Gustavo A. Madero,1,Gustavo A. Madero                                                                                             ,525,19.50744044,-99.14423105,2010-07
CINEPOLIS TOWN CENTER EL ROSARIO,EXHIBIDORA MEXICANA CINEPOLIS,51 a 100 personas,AVENIDA,AQUILES SERDAN,1025,COLONIA,EL ROSARIO,2100,9,CIUDAD DE MÉXICO,2,Azcapotzalco,1,Azcapotzalco                                                                                                  ,928,19.50291025,-99.20513044,2014-12
CINEPOLIS UNIVERSIDAD,EXHIBIDORA MEXICANA CINEPOLIS,51 a 100 personas,AVENIDA,UNIVERSIDAD,1000,COLONIA,SANTA CRUZ ATOYAC,3310,9,CIUDAD DE MÉXICO,14,Benito Juárez,1,Benito Juárez                                                                                                 ,825,19.36734959,-99.16675475,2010-07
CINEPOLIS VÍA VALLEJO,EXHIBIDORA MEXICANA CINEPOLIS,31 a 50 personas,CALZADA,1 PONIENTE (CALZADA VALLEJO),1090,COLONIA,INDUSTRIAL VALLEJO,2300,9,CIUDAD DE MÉXICO,2,Azcapotzalco,1,Azcapotzalco                                                                                                  ,877,19.48749487,-99.15154021,2020-04
CINEPOLIS VIADUCTO,EXHIBIDORA MEXICANA CINEPOLIS,31 a 50 personas,VIADUCTO,RÍO DE LA PIEDAD,515,COLONIA,GRANJAS MÉXICO,8400,9,CIUDAD DE MÉXICO,6,Iztacalco,1,Iztacalco                                                                                                     ,132,19.4067419,-99.10809776,2023-11
CINEPOLIS VIP GRAN TERRAZA COAPA,EXHIBIDORA MEXICANA CINEPOLIS,51 a 100 personas,CALZADA,ACOXPA,610,COLONIA,VILLA COAPA,14390,9,CIUDAD DE MÉXICO,12,Tlalpan,1,Tlalpan                                                                                                       ,479,19.29458222,-99.12964774,2023-11
CINEPOLIS VIP MITIKAH,EXHIBIDORA MEXICANA CINEPOLIS,51 a 100 personas,CALLE,REAL MAYORAZGO,130,COLONIA,XOCO,3330,9,CIUDAD DE MÉXICO,14,Benito Juárez,1,Benito Juárez                                                                                                 ,967,19.36104879,-99.16978526,2023-11
CINEPOLIS VIP MIYANA,EXHIBIDORA MEXICANA CINEPOLIS,31 a 50 personas,AVENIDA,EJÉRCITO NACIONAL MEXICANO,769,COLONIA,GRANADA,11560,9,CIUDAD DE MÉXICO,16,Miguel Hidalgo,1,Miguel Hidalgo                                                                                                ,552,19.4384524,-99.19981891,2018-03
CINEPOLIS VIP OASIS COYOACÁN,EXHIBIDORA MEXICANA CINEPOLIS,31 a 50 personas,AVENIDA,UNIVERSIDAD,1778,COLONIA,ROMERO DE TERREROS,4310,9,CIUDAD DE MÉXICO,3,Coyoacán,1,Coyoacán                                                                                                      ,249,19.34611935,-99.18067083,2010-07
CINEPOLIS VIP PASEO ACOXPA,EXHIBIDORA MEXICANA CINEPOLIS,51 a 100 personas,CALZADA,ACOXPA,430,RESIDENCIAL,VERGEL DEL SUR,14300,9,CIUDAD DE MÉXICO,12,Tlalpan,1,Tlalpan                                                                                                       ,214,19.29736268,-99.13652482,2023-11
CINEPOLIS VIP PASEO ARCOS BOSQUES,EXHIBIDORA MEXICANA CINEPOLIS,51 a 100 personas,CALLE,PASEO DE LOS TAMARINDOS,400,COLONIA,BOSQUES DE LAS LOMAS,5120,9,CIUDAD DE MÉXICO,4,Cuajimalpa de Morelos,1,Cuajimalpa de Morelos                                                                                         ,195,19.38805873,-99.2512369,2010-07
CINEPOLIS VIP PERISUR,EXHIBIDORA MEXICANA CINEPOLIS,51 a 100 personas,PERIFERICO,ADOLFO RUÍZ CORTINES,4690,COLONIA,INSURGENTES CUICUILCO,4500,9,CIUDAD DE MÉXICO,3,Coyoacán,1,Coyoacán                                                                                                      ,1105,19.30271476,-99.18994614,2020-04
CINEPOLIS VIP PLAZA CARSO,EXHIBIDORA MEXICANA CINEPOLIS,31 a 50 personas,AVENIDA,LAGO ZÚRICH,219,COLONIA,AMPLIACIÓN GRANADA,11529,9,CIUDAD DE MÉXICO,16,Miguel Hidalgo,1,Miguel Hidalgo                                                                                                ,444,19.4414304,-99.20297351,2023-11
CINEPOLIS VIP PLAZA FORTUNA,EXHIBIDORA MEXICANA CINEPOLIS,31 a 50 personas,AVENIDA,4 NORTE AVENIDA FORTUNA,334,COLONIA,MAGDALENA DE LAS SALINAS,7760,9,CIUDAD DE MÉXICO,5,Gustavo A. Madero,1,Gustavo A. Madero                                                                                             ,1256,19.48456142,-99.13355899,2023-11
CINEPOLIS VIP PORTAL SAN ÁNGEL,EXHIBIDORA MEXICANA CINEPOLIS,31 a 50 personas,AVENIDA,REVOLUCIÓN,1267,COLONIA,LOS ALPES,1040,9,CIUDAD DE MÉXICO,10,Álvaro Obregón,1,Álvaro Obregón                                                                                                ,987,19.36089174,-99.18955297,2023-11
CINEPOLIS VIP SAMARA,EXHIBIDORA MEXICANA CINEPOLIS,51 a 100 personas,AVENIDA,ANTONIO DOVALÍ JAIME,70,COLONIA,SANTA FE,1210,9,CIUDAD DE MÉXICO,10,Álvaro Obregón,1,Álvaro Obregón                                                                                                ,1542,19.36811761,-99.25990552,2017-03
CINEPOLIS VIP UNIVERSIDAD,EXHIBIDORA MEXICANA CINEPOLIS,51 a 100 personas,AVENIDA,UNIVERSIDAD,1000,COLONIA,SANTA CRUZ ATOYAC,3310,9,CIUDAD DE MÉXICO,14,Benito Juárez,1,Benito Juárez                                                                                                 ,825,19.36767338,-99.16654624,2023-11
CINEPOLIS VIP VÍA VALLEJO,EXHIBIDORA MEXICANA CINEPOLIS,31 a 50 personas,CALZADA,1 PONIENTE (CALZADA VALLEJO),1090,COLONIA,INDUSTRIAL VALLEJO,2340,9,CIUDAD DE MÉXICO,2,Azcapotzalco,1,Azcapotzalco                                                                                                  ,877,19.48749487,-99.15154021,2023-11
CINEPOLIS VISTA NORTE,EXHIBIDORA MEXICANA CINEPOLIS,11 a 30 personas,AVENIDA,ACUEDUCTO,650,COLONIA,RESIDENCIAL ZACATENCO,7369,9,CIUDAD DE MÉXICO,5,Gustavo A. Madero,1,Gustavo A. Madero                                                                                             ,756,19.50216066,-99.12108271,2020-04
CINEROTIKA RIO,LOVE STORE,0 a 5 personas,CALLE,REPUBLICA DE CUBA,85,COLONIA,CENTRO,6010,9,CIUDAD DE MÉXICO,15,Cuauhtémoc,1,Cuauhtémoc                                                                                                    ,752,19.4369386,-99.13486834,2010-07
CINETECA NACIONAL,BANOBRAS SNC FIDEICOMISO PARA LA CINETECA NACIONAL,11 a 30 personas,EJE VIAL,1 PONIENTE (AVENIDA MÉXICO-COYOACÁN),389,COLONIA,XOCO,3330,9,CIUDAD DE MÉXICO,14,Benito Juárez,1,Benito Juárez                                                                                                 ,952,19.36042044,-99.16338162,2010-07
INTERBAKERS,INTERBAKERS,6 a 10 personas,AVENIDA,AZCAPOTZALCO,527,COLONIA,CENTRO DE AZCAPOTZALCO,2000,9,CIUDAD DE MÉXICO,2,Azcapotzalco,1,Azcapotzalco                                                                                                  ,472,19.47823698,-99.1870027,2024-11
LA CASA DEL CINE MX,NIENTOS DEL NORTE CINE,11 a 30 personas,CALLE,REPUBLICA DE URUGUAY,52,COLONIA,CENTRO,6000,9,CIUDAD DE MÉXICO,15,Cuauhtémoc,1,Cuauhtémoc                                                                                                    ,818,19.43061615,-99.13722785,2014-12
LE CINEMA IFAL,EMBAJADA DE FRANCIA,31 a 50 personas,CALLE,RIO NAZAS,37,COLONIA,CUAUHTÉMOC,6500,9,CIUDAD DE MÉXICO,15,Cuauhtémoc,1,Cuauhtémoc                                                                                                    ,790,19.43245962,-99.16678225,2025-04
NABOO FILMS CINEMATOGRAFIA,NABOO FILMS,0 a 5 personas,CALLE,MEDELLIN,31,COLONIA,ROMA NORTE,6700,9,CIUDAD DE MÉXICO,15,Cuauhtémoc,1,Cuauhtémoc                                                                                                    ,998,19.42117929,-99.16690865,2024-11
SPECTRADYNE INTERNACIONAL INC,SPECTRADYNE INTERNATIONAL,11 a 30 personas,AVENIDA,PRESIDENTE MASARYK,101,COLONIA,POLANCO V SECCIÓN,11560,9,CIUDAD DE MÉXICO,16,Miguel Hidalgo,1,Miguel Hidalgo                                                                                                ,675,19.43142597,-99.18553435,2010-07
TRANSCOMUNICACION,TRANSCOMUNICACION,11 a 30 personas,CALZADA,1 PONIENTE (CALZADA VALLEJO),705,COLONIA,NUEVA VALLEJO,7750,9,CIUDAD DE MÉXICO,5,Gustavo A. Madero,1,Gustavo A. Madero                                                                                             ,1237,19.48360954,-99.14960364,2019-11
W003 CINEMA,WOO3,0 a 5 personas,CALLE,MEDELLIN,31,COLONIA,ROMA NORTE,6700,9,CIUDAD DE MÉXICO,15,Cuauhtémoc,1,Cuauhtémoc                                                                                                    ,998,19.42117929,-99.16690865,2024-11
WOO 7 FILMES,WOO 7,0 a 5 personas,CALLE,MEDELLIN,31,COLONIA,ROMA NORTE,6700,9,CIUDAD DE MÉXICO,15,Cuauhtémoc,1,Cuauhtémoc                                                                                                    ,998,19.42117929,-99.16690865,2024-11
100 CINEMEX GOMEZ PALACIO TRADICIONAL,OPERADORA DE CINEMAS,11 a 30 personas,BOULEVARD,MIGUEL ALEMÁN,,COLONIA,FLORES MAGON,35090,10,DURANGO,7,Gómez Palacio,1,Gómez Palacio                                                                                                 ,185,25.54975119,-103.4766499,2016-10
107 CINEMEX HAMBURGO POP,OPERADORA DE CINEMAS,11 a 30 personas,CALZADA,FRANCISCO VILLA,601,FRACCIONAMIENTO,RINCONADAS HAMBURGO,35018,10,DURANGO,7,Gómez Palacio,1,Gómez Palacio                                                                                                 ,1662,25.59653612,-103.4978465,2014-12
226 CINEMEX PORTAL DURANGO PREMIUM,OPERADORA DE CINEMAS,11 a 30 personas,BOULEVARD,FRANCISCO VILLA,,FRACCIONAMIENTO,20 DE NOVIEMBRE,34130,10,DURANGO,5,Durango,1,Victoria de Durango                                                                                           ,002A,24.0467835,-104.6234059,2023-11
64 CINEMEX DURANGO PLATINO,OPERADORA DE CINEMAS,31 a 50 personas,BOULEVARD,TECNOLÓGICO,1401,COLONIA,ESPERANZA,34080,10,DURANGO,5,Durango,1,Victoria de Durango                                                                                           ,3698,24.03475785,-104.6517857,2019-11
65 CINEMEX DURANGO TRADICIONAL,OPERADORA DE CINEMAS,11 a 30 personas,BOULEVARD,TECNOLÓGICO,1401,COLONIA,ESPERANZA,34080,10,DURANGO,5,Durango,1,Victoria de Durango                                                                                           ,3698,24.03475785,-104.6517857,2010-07
71 CINEMEX EL SALTO POP,OPERADORA DE CINEMAS,11 a 30 personas,CARRETERA,BICENTENARIO DE LA INDEPENDENCIA,,COLONIA,EL BRILLANTE,34945,10,DURANGO,23,Pueblo Nuevo,1,El Salto                                                                                                      ,1134,23.78712243,-105.3508949,2025-04
CINEMEX,OPERADORA DE CINEMAS,11 a 30 personas,CALLE,MAR DE PLATA,,COLONIA,20 DE NOVIEMBRE,34234,10,DURANGO,5,Durango,1,Victoria de Durango                                                                                           ,002A,24.04505784,-104.6227272,2026-04
CINEPOLIS CHEDRAUI DURANGO,EXHIBIDORA MEXICANA CINEPOLIS,11 a 30 personas,BOULEVARD,DOMINGO ARRIETA,601,COLONIA,EL REFUGIO,34170,10,DURANGO,5,Durango,1,Victoria de Durango                                                                                           ,3823,24.01088073,-104.6624159,2016-01
CINEPOLIS DURANGO,EXHIBIDORA MEXICANA CINEPOLIS,31 a 50 personas,BOULEVARD,FRANCISCO VILLA,,COLONIA,JARDINES DE DURANGO,34200,10,DURANGO,5,Durango,1,Victoria de Durango                                                                                           ,1761,24.04311122,-104.6283382,2010-07
CINEPOLIS GUADIANA,EXHIBIDORA MEXICANA CINEPOLIS,11 a 30 personas,BOULEVARD,SAHUATOBA,224,FRACCIONAMIENTO,LOMA DORADA,34104,10,DURANGO,5,Durango,1,Victoria de Durango                                                                                           ,3804,24.01216727,-104.6910437,2023-11
CINEPOLIS SAN ANTONIO,EXHIBIDORA MEXICANA CINEPOLIS,11 a 30 personas,BOULEVARD,EJÉRCITO MEXICANO,396,AMPLIACION,SAN ANTONIO,35015,10,DURANGO,7,Gómez Palacio,1,Gómez Palacio                                                                                                 ,1677,25.59375641,-103.4844519,2023-11
CINETECA MUNICIPAL,,0 a 5 personas,CALLE,JUAREZ,,COLONIA,ZONA CENTRO,34000,10,DURANGO,5,Durango,1,Victoria de Durango                                                                                           ,176,24.02950021,-104.6704488,2014-12
CITI CINE MAS,GRUPO CINEMAS DEL PACIFICO,11 a 30 personas,AVENIDA,REAL DEL MEZQUITAL,101,FRACCIONAMIENTO,REAL DEL MEZQUITAL,34199,10,DURANGO,5,Durango,1,Victoria de Durango                                                                                           ,2030,24.00183731,-104.6526484,2019-11
1 CINEMEX CORTAZAPOP,OPERADORA DE CINEMAS,6 a 10 personas,AVENIDA,PASEO DE LAS CASUARINAS ,101,COLONIA,CORTAZAR,38559,11,GUANAJUATO,11,Cortazar,1,Cortazar                                                                                                      ,214,20.47159616,-100.9633567,2019-11
104 CINEMEX GUANAJUATO TRADICIONAL,OPERADORA DE CINEMAS,11 a 30 personas,BOULEVARD,CAMINO ROTARIO,,COLONIA,LOMAS DE POZUELOS,36000,11,GUANAJUATO,15,Guanajuato,1,Guanajuato                                                                                                    ,497,21.01350873,-101.2619226,2012-06
115 CINEMEX IRAPUATO TRADICIONAL,OPERADORA DE CINEMAS,31 a 50 personas,AVENIDA,LAS ARBOLEDAS,1200,COLONIA,SAN MIGUELITO,36557,11,GUANAJUATO,17,Irapuato,1,Irapuato                                                                                                      ,1521,20.67405735,-101.3717632,2014-12
149 CINEMEX MALECON TRADICIONAL,OPERADORA DE CINEMAS,11 a 30 personas,BOULEVARD,MARIANO ESCOBEDO,3002,COLONIA,EL TLACUACHE PONIENTE,37500,11,GUANAJUATO,20,León,1,León de los Aldama                                                                                            ,1300,21.10718588,-101.6599164,2011-03
214 CINEMEX PLAZA MAYOR PLATINO,OPERADORA DE CINEMAS,11 a 30 personas,BOULEVARD,JUAN ALONSO DE TORRES,2002,COLONIA,PLAZA MAYOR (COMERCIO),37150,11,GUANAJUATO,20,León,1,León de los Aldama                                                                                            ,2205,21.15523811,-101.695814,2016-01
215 CINEMEX PLAZA MAYOR TRADICIONAL,OPERADORA DE CINEMAS,31 a 50 personas,BOULEVARD,JUAN ALONSO DE TORRES,2002,COLONIA,PLAZA MAYOR (COMERCIO),37150,11,GUANAJUATO,20,León,1,León de los Aldama                                                                                            ,2205,21.15580226,-101.6947785,2025-04
223 CINEMEX PLAZA STADIUM TRADICIONAL,OPERADORA DE CINEMAS,11 a 30 personas,BOULEVARD,ADOLFO LOPEZ MATEOS ORIENTE,1702,COLONIA,ZONA RECREATIVA Y CULTURAL (PARQUE-SERVICIOS),37500,11,GUANAJUATO,20,León,1,León de los Aldama                                                                                            ,779,21.11696602,-101.6586749,2014-12
245 CINEMEX SALAMANCA PREMIUM,OPERADORA DE CINEMAS,31 a 50 personas,BOULEVARD,LIBRAMIENTO PONIENTE SALAMANCA-IRAPUATO (BLVD AEROPUERTO),214,RESIDENCIAL,LAS GLORIAS,36773,11,GUANAJUATO,27,Salamanca,1,Salamanca                                                                                                     ,1477,20.5837867,-101.2287617,2019-11
255 CINEMEX SAN JUAN BOSCO POP,OPERADORA DE CINEMAS,11 a 30 personas,BOULEVARD,SAN JUAN BOSCO,2019,COLONIA,PRO. LOMAS DE LAS HILAMAS,37358,11,GUANAJUATO,20,León,1,León de los Aldama                                                                                            ,5303,21.1352419,-101.7185294,2025-04
259 CINEMEX SAN MIGUEL TRADICIONAL,OPERADORA DE CINEMAS,31 a 50 personas,CALLE,JOSE MANUEL ZAVALA,,COLONIA,LA LUCIERNAGA,37000,11,GUANAJUATO,3,San Miguel de Allende,1,San Miguel de Allende                                                                                         ,301,20.90396696,-100.7295788,2019-11
260 CINEMEX SAN ROQUE TRADICIONAL,OPERADORA DE CINEMAS,31 a 50 personas,AVENIDA,FEDERAL KM 90 IRAPUATO- ABASOLO (ENRIQUE COLUNGA (FEDERAL IRAPUATO-ABASOLO KM 90)),1184,COLONIA,18 DE AGOSTO,36590,11,GUANAJUATO,17,Irapuato,1,Irapuato                                                                                                      ,1235,20.65485218,-101.3415033,2010-07
6 CINEMEX ALAIA PREMIUM,OPERADORA DE CINEMAS,31 a 50 personas,CARRETERA,EUQUERIO GUERRERO,139,COLONIA,EUQUERIO GUERRERO,36250,11,GUANAJUATO,15,Guanajuato,126,Yerbabuena                                                                                                    ,938,20.97407629,-101.2797577,2019-11
CINE MAS GUANAJUATO,,6 a 10 personas,CALLE,CANTADOR,32,COLONIA,PARDO,36000,11,GUANAJUATO,15,Guanajuato,1,Guanajuato                                                                                                    ,571,21.01804204,-101.2628121,2024-11
CINEMA MOVIE CENTER,VER CINEMAS,11 a 30 personas,CIRCUITO,NINGUNO,200,COLONIA,CENTRO,36300,11,GUANAJUATO,31,San Francisco del Rincón,1,San Francisco del Rincón                                                                                      ,147,21.02288101,-101.8504176,2016-01
CINEMA SAN LUIS,UMMA ENTERTAINMENT,0 a 5 personas,CALLE,NIÑOS HEROES,108,COLONIA,ZONA CENTRO,37900,11,GUANAJUATO,33,San Luis de la Paz,1,San Luis de la Paz                                                                                            ,156,21.29781695,-100.5150671,2016-10
CINEMAS LEON,,0 a 5 personas,CALLE,IGNACIO COMONFORT,319,COLONIA,CENTRO,37000,11,GUANAJUATO,20,León,1,León de los Aldama                                                                                            ,730,21.11994678,-101.6862379,2010-07
CINEPOLIS CENTRO COMERCIAL ALTACIA,EXHIBIDORA MEXICANA CINEPOLIS,31 a 50 personas,BOULEVARD,AEROPUERTO,104,COLONIA,PRO. NORTE CERRITO DE JEREZ,37530,11,GUANAJUATO,20,León,1,León de los Aldama                                                                                            ,189A,21.09299103,-101.624567,2020-04
CINEPOLIS CENTRO MAX,EXHIBIDORA MEXICANA CINEPOLIS,51 a 100 personas,BOULEVARD,ADOLFO LOPEZ MATEOS ORIENTE,2518,COLONIA,CENTRO MAX BAJÍO (COMERCIO),37530,11,GUANAJUATO,20,León,1,León de los Aldama                                                                                            ,189A,21.10196792,-101.6356472,2010-07
CINEPOLIS GALERÍAS CELAYA,EXHIBIDORA MEXICANA CINEPOLIS,31 a 50 personas,EJE VIAL,EJE NORORIENTE,200,COLONIA,LAS COMPUERTAS DEL CAMPESTRE,38080,11,GUANAJUATO,7,Celaya,1,Celaya                                                                                                        ,274A,20.53076826,-100.7766728,2014-12
CINEPOLIS GALERÍAS LAS TORRES,EXHIBIDORA MEXICANA CINEPOLIS,31 a 50 personas,BOULEVARD,JUAN ALONSO DE TORRES,1315,COLONIA,PLAZA GALERIAS,37200,11,GUANAJUATO,20,León,1,León de los Aldama                                                                                            ,2455,21.14583028,-101.6483734,2010-07
CINEPOLIS GALERÍAS METROPOLITANA,EXHIBIDORA MEXICANA CINEPOLIS,31 a 50 personas,BOULEVARD,NINGUNO,240,COLONIA,LA JOYITA,38983,11,GUANAJUATO,41,Uriangato,1,Uriangato                                                                                                     ,711,20.12084089,-101.1777147,2010-07
CINEPOLIS GALERÍAS METROPOLITANA SAN FRANCISCO DEL RINCÓN,EXHIBIDORA MEXICANA CINEPOLIS,11 a 30 personas,BOULEVARD,JUVENTINO ROSAS,500,COLONIA,BOULEVARD JUVENTINO ROSAS,36300,11,GUANAJUATO,31,San Francisco del Rincón,1,San Francisco del Rincón                                                                                      ,217,21.02880637,-101.8683936,2010-07
CINEPOLIS GALERÍAS SALAMANCA,EXHIBIDORA MEXICANA CINEPOLIS,11 a 30 personas,BOULEVARD,FAJA DE ORO,1502,COLONIA,GUADALUPE,36747,11,GUANAJUATO,27,Salamanca,1,Salamanca                                                                                                     ,816,20.58326424,-101.2150856,2014-12
CINEPOLIS HILAMAS,EXHIBIDORA MEXICANA CINEPOLIS,11 a 30 personas,BOULEVARD,JUAN ALONSO DE TORRES,360,COLONIA,LAS HILAMAS,37407,11,GUANAJUATO,20,León,1,León de los Aldama                                                                                            ,303A,21.12405464,-101.7203113,2019-11
CINEPOLIS LEÓN,EXHIBIDORA MEXICANA CINEPOLIS,11 a 30 personas,BOULEVARD,ADOLFO LÓPEZ MATEOS ORIENTE,1309,COLONIA,LOS GAVILANES,37270,11,GUANAJUATO,20,León,1,León de los Aldama                                                                                            ,641,21.11929143,-101.6645906,2010-07
CINEPOLIS MC LA JOYA,EXHIBIDORA MEXICANA CINEPOLIS,11 a 30 personas,AVENIDA,5 DE MAYO,112,COLONIA,LA JOYA,36130,11,GUANAJUATO,37,Silao de la Victoria,1,Silao de la Victoria                                                                                          ,70,20.94498066,-101.4170096,2010-07
CINEPOLIS PARQUE CELAYA,EXHIBIDORA MEXICANA CINEPOLIS,51 a 100 personas,CALLE,EJE NOR-PONIENTE,801,COLONIA,LOS PINOS PRIMERA SECCIÓN,38020,11,GUANAJUATO,7,Celaya,1,Celaya                                                                                                        ,2167,20.54824119,-100.840507,2014-12
CINEPOLIS PASEO DOLORES,EXHIBIDORA MEXICANA CINEPOLIS,11 a 30 personas,AVENIDA,MARIANO BALLEZA (NORTE),65,COLONIA,CENTRO,37800,11,GUANAJUATO,14,Dolores Hidalgo Cuna de la Independencia Nacional,1,Dolores Hidalgo Cuna de la Independencia Nacional                                                             ,413,21.15966466,-100.9291903,2017-03
CINEPOLIS PASEO MORELOS,EXHIBIDORA MEXICANA CINEPOLIS,11 a 30 personas,BOULEVARD,JOSE MARIA MORELOS,807,COLONIA,PRO. PONIENTE SAN PABLO II,37219,11,GUANAJUATO,20,León,1,León de los Aldama                                                                                            ,5144,21.16484183,-101.6499394,2023-11
CINEPOLIS PLAZA ACÁMBARO,EXHIBIDORA MEXICANA CINEPOLIS,11 a 30 personas,CALLE,EMILIO CARRANZA,104,COLONIA,EMILIO CARRANZA,38680,11,GUANAJUATO,2,Acámbaro,1,Acámbaro                                                                                                      ,499,20.03773386,-100.7115434,2023-11
CINEPOLIS PLAZA CIBELES IRAPUATO,EXHIBIDORA MEXICANA CINEPOLIS,51 a 100 personas,BOULEVARD,HEROE DE NACOZARI,1443,COLONIA,QUINTA LAS VILLAS,36670,11,GUANAJUATO,17,Irapuato,1,Irapuato                                                                                                      ,1803,20.68196471,-101.3803698,2010-07
CINEPOLIS VIP CENTRO COMERCIAL ALTACIA,EXHIBIDORA MEXICANA CINEPOLIS,31 a 50 personas,BOULEVARD,AEROPUERTO,104,COLONIA,PRO. NORTE CERRITO DE JEREZ,37530,11,GUANAJUATO,20,León,1,León de los Aldama                                                                                            ,189A,21.09299103,-101.624567,2014-12
CINEPOLIS VIP CITY CENTER LEÓN,EXHIBIDORA MEXICANA CINEPOLIS,11 a 30 personas,BOULEVARD,JOSÉ MARÍA MORELOS,1555,COLONIA,GRANJAS DEL ROSARIO,37170,11,GUANAJUATO,20,León,1,León de los Aldama                                                                                            ,221A,21.17025222,-101.682225,2026-04
CINEPOLIS VIP PLAZA CIBELES IRAPUATO,EXHIBIDORA MEXICANA CINEPOLIS,31 a 50 personas,BOULEVARD,HEROE DE NACOZARI,1443,COLONIA,QUINTA LAS VILLAS,36670,11,GUANAJUATO,17,Irapuato,1,Irapuato                                                                                                      ,1803,20.68196471,-101.3803698,2020-04
DULCERIA DE CINE MAS GANAJUATO,,0 a 5 personas,CALLE,CANTADOR,32,COLONIA,PARDO,36000,11,GUANAJUATO,15,Guanajuato,1,Guanajuato                                                                                                    ,571,21.01804204,-101.2628121,2024-11
FESTIVAL INTERNACIONAL DEL CINE DE GUANAJUATO,,0 a 5 personas,PROLONGACION,CALZADA DE LA AURORA,,COLONIA,AURORA,37716,11,GUANAJUATO,3,San Miguel de Allende,1,San Miguel de Allende                                                                                         ,250,20.92249346,-100.7418239,2010-07
133 CINEMEX LAS PALMAS ACAPULCO TRADICIONAL,OPERADORA DE CINEMAS,11 a 30 personas,BOULEVARD,DE LAS NACIONES,0,COLONIA,MULTI PLAZA LAS PALMAS,39890,12,GUERRERO,1,Acapulco de Juárez,1,Acapulco de Juárez                                                                                            ,4944,16.79671379,-99.8123295,2011-03
194 CINEMEX PASEO ZIHUATANEJO POP,OPERADORA DE CINEMAS,31 a 50 personas,AVENIDA,JOSÉ MARÍA MORELOS Y PAVÓN,,COLONIA,CENTRO SUPERMANZANA VII,40890,12,GUERRERO,38,Zihuatanejo de Azueta,1,Zihuatanejo                                                                                                   ,059A,17.64839806,-101.5496984,2019-11
CINE HIDALGO,,0 a 5 personas,CALLE,2 PONIENTE,,BARRIO,LAS ANIMAS,41200,12,GUERRERO,33,Huamuxtitlán,1,Huamuxtitlán                                                                                                  ,273,17.80157668,-98.56652968,2019-11
CINE MAS ATOYAC DE ALVAREZ,EXHIBICION ALTERNATIVA,6 a 10 personas,ANDADOR,RAUL BRITO VANZZINI,,COLONIA,ARROYO ANCHO,40930,12,GUERRERO,11,Atoyac de Álvarez,1,Atoyac de Álvarez                                                                                             ,346,17.20382041,-100.4385841,2016-10
CINEMA DORADO DOS MIL,,0 a 5 personas,CALLE,PLAN DE AYALA,,COLONIA,ACAPULCO,39550,12,GUERRERO,1,Acapulco de Juárez,1,Acapulco de Juárez                                                                                            ,2774,16.86002387,-99.89433034,2010-07
CINEMA IMPERIAL,,0 a 5 personas,AVENIDA,CUAUHTEMOC,,COLONIA,PROGRESO,39350,12,GUERRERO,1,Acapulco de Juárez,1,Acapulco de Juárez                                                                                            ,2774,16.85849932,-99.89752572,2014-12
CINEPOLIS CHILPANCINGO,EXHIBIDORA MEXICANA CINEPOLIS,31 a 50 personas,BOULEVARD,RENE JUAREZ CISNEROS,130,COLONIA,TEPANGO,39095,12,GUERRERO,29,Chilpancingo de los Bravo,1,Chilpancingo de los Bravo                                                                                     ,2741,17.51493559,-99.48499818,2011-03
CINEPOLIS GALERÍAS DIANA ACAPULCO,EXHIBIDORA MEXICANA CINEPOLIS,31 a 50 personas,AVENIDA,COSTERA MIGUEL ALEMÁN,121,FRACCIONAMIENTO,MAGALLANES,39670,12,GUERRERO,1,Acapulco de Juárez,1,Acapulco de Juárez                                                                                            ,1297,16.86015657,-99.87372661,2020-04
CINEPOLIS GALERÍAS TAMARINDOS,EXHIBIDORA MEXICANA CINEPOLIS,31 a 50 personas,PERIFERICO,ORIENTE,,COLONIA,RÍO BALSAS,40050,12,GUERRERO,35,Iguala de la Independencia,1,Iguala de la Independencia                                                                                    ,530,18.3421384,-99.52281531,2010-07
CINEPOLIS LA GRAN PLAZA ACAPULCO,EXHIBIDORA MEXICANA CINEPOLIS,31 a 50 personas,AVENIDA,COSTERA MIGUEL ALEMÁN,1632,COLONIA,MAGALLANES,39880,12,GUERRERO,1,Acapulco de Juárez,1,Acapulco de Juárez                                                                                            ,1278,16.86088484,-99.88217729,2010-07
CINEPOLIS LAS AMERICAS TAXCO,EXHIBIDORA MEXICANA CINEPOLIS,11 a 30 personas,BOULEVARD,LIBRAMIENTO,0,COLONIA,CAPILINTLA LIBRAMIENTO,40290,12,GUERRERO,55,Taxco de Alarcón,1,Taxco de Alarcón                                                                                              ,213,18.54714224,-99.60774488,2014-12
CINEPOLIS OMETEPEC,EXHIBIDORA MEXICANA CINEPOLIS,11 a 30 personas,CALLE,JUAN N. ÁLVAREZ (CARRETERA OMETEPEC-SAN JUAN DE LOS LLANOS),5,COLONIA,CRUCERO CRUZ DE CORAZÓN,41700,12,GUERRERO,46,Ometepec,1,Ometepec                                                                                                      ,233,16.68954651,-98.43375538,2023-11
CINEPOLIS PIE DE LA CUESTA ACAPULCO,EXHIBIDORA MEXICANA CINEPOLIS,31 a 50 personas,CALZADA,PIE DE LA CUESTA,239,COLONIA,LAS MARAÑONAS,39480,12,GUERRERO,1,Acapulco de Juárez,1,Acapulco de Juárez                                                                                            ,2740,16.85849638,-99.9153798,2010-07
CINEPOLIS PLAZA CHILPANCINGO,EXHIBIDORA MEXICANA CINEPOLIS,11 a 30 personas,CALLE,PASEO ALEJANDRO CERVANTES DELGADO,24,COLONIA,UNIVERSAL,39080,12,GUERRERO,29,Chilpancingo de los Bravo,1,Chilpancingo de los Bravo                                                                                     ,1118,17.54359589,-99.50168398,2023-11
CINEPOLIS RENACIMIENTO,EXHIBIDORA MEXICANA CINEPOLIS,31 a 50 personas,BOULEVARD,14,,COLONIA,EMILIANO ZAPATA,39700,12,GUERRERO,1,Acapulco de Juárez,1,Acapulco de Juárez                                                                                            ,130A,16.89901817,-99.83054586,2010-07
CINEPOLIS SENDERO ACAPULCO,EXHIBIDORA MEXICANA CINEPOLIS,31 a 50 personas,CARRETERA,CAYACO PUERTO MARQUES,0,COLONIA,LLANO LARGO,39905,12,GUERRERO,1,Acapulco de Juárez,1,Acapulco de Juárez                                                                                            ,6387,16.83381056,-99.81136899,2011-03
CINEPOLIS VIP GALERÍAS DIANA ACAPULCO,EXHIBIDORA MEXICANA CINEPOLIS,11 a 30 personas,AVENIDA,COSTERA MIGUEL ALEMÁN,121,FRACCIONAMIENTO,MAGALLANES,39670,12,GUERRERO,1,Acapulco de Juárez,1,Acapulco de Juárez                                                                                            ,1297,16.86015425,-99.87372259,2010-07
HELADOS SPIRAL,EXIBIDORA MEXICANA CINEPOLIS,11 a 30 personas,BOULEVARD,LIBRAMIENTO,0,BARRIO,CAPILINTLA LIBRAMIENTO,40290,12,GUERRERO,55,Taxco de Alarcón,1,Taxco de Alarcón                                                                                              ,213,18.54714224,-99.60774488,2020-11
101 CINEMEX GRAN PATIO PACHUCA TRADICIONAL,OPERADORA DE CINEMAS,11 a 30 personas,BOULEVARD,LUIS DONALDO COLOSIO,2009,COLONIA,EX HACIENDA DE COSCOTITLAN,42094,13,HIDALGO,48,Pachuca de Soto,1,Pachuca de Soto                                                                                               ,779,20.09393658,-98.75689639,2016-10
178 CINEMEX PACHUCA TRADICIONAL,OPERADORA DE CINEMAS,11 a 30 personas,BOULEVARD,LUIS DONALDO COLOSIO,,EXHACIENDA,AEROPUERTO,42088,13,HIDALGO,48,Pachuca de Soto,1,Pachuca de Soto                                                                                               ,529,20.09788663,-98.76102368,2010-07
221 CINEMEX PLAZA Q TRADICIONAL,OPERADORA DE CINEMAS,11 a 30 personas,BOULEVARD,LUIS DONALDO COLOSIO CARRETERA LIBRAMIENTO A TAMPICO,,COLONIA,COLINAS DE PLATA,42186,13,HIDALGO,51,Mineral de la Reforma,63,Colinas de Plata                                                                                              ,1255,20.08193371,-98.72813504,2016-10
231 CINEMEX PROGRESO POP,OPERADORA DE CINEMAS,11 a 30 personas,CERRADA,EMILIANO ZAPATA,60,COLONIA,ZENTHÉ,42730,13,HIDALGO,50,Progreso de Obregón,1,Progreso de Obregón                                                                                           ,67,20.24050875,-99.19264611,2025-04
286 CINEMEX TIZAYUCA POP,OPERADORA DE CINEMAS,11 a 30 personas,AVENIDA,JUÁREZ SUR,33,COLONIA,ATEMPA,43800,13,HIDALGO,69,Tizayuca,1,Tizayuca                                                                                                      ,228,19.83372226,-98.97923204,2025-04
296 CINEMEX TULANCINGO TRADICIONAL,OPERADORA DE CINEMAS,31 a 50 personas,BOULEVARD,LAZARO CARDENAS BOULEVARD MIGUEL HIDALGO,0,FRACCIONAMIENTO,RANCHO SANTA CLARA,43642,13,HIDALGO,77,Tulancingo de Bravo,1,Tulancingo                                                                                                    ,501,20.07456309,-98.38441642,2010-07
34 CINEMEX CD SAHAGUN POP,OPERADORA DE CINEMAS,11 a 30 personas,CALLE,CIUDAD SAHAGÚN-EMILIANO ZAPATA,2,COLONIA,CIUDAD SAHAGÚN,43990,13,HIDALGO,61,Tepeapulco,2,Fray Bernardino de Sahagún (Ciudad Sahagún)                                                                   ,501,19.77628371,-98.58207453,2023-11
75 CINEMEX EXPLANADA PACHUCA PREMIUM,OPERADORA DE CINEMAS,31 a 50 personas,CARRETERA,MÉXICO-PACHUCA,,COLONIA,EJIDO SAN ANTONIO EL DESMONTE ,42083,13,HIDALGO,48,Pachuca de Soto,1,Pachuca de Soto                                                                                               ,285A,20.03837958,-98.79642513,2025-04
CINE ATOTONILCO,ROBERTO LUQUE,0 a 5 personas,AVENIDA,BENITO JUAREZ,,COLONIA,CENTRO,43300,13,HIDALGO,12,Atotonilco el Grande,1,Atotonilco el Grande                                                                                          ,117,20.2846907,-98.66436234,2024-11
CINE AUDITORIO,,0 a 5 personas,CALLE,NINGUNO,,COLONIA,CENTRO,43990,13,HIDALGO,61,Tepeapulco,2,Fray Bernardino de Sahagún (Ciudad Sahagún)                                                                   ,501,19.77276205,-98.58135007,2010-07
CINE CINEMANIAS,,6 a 10 personas,CALLE,CUAUHTEMOC,,COLONIA,CENTRO SUR,42500,13,HIDALGO,3,Actopan,1,Actopan                                                                                                       ,279,20.26720351,-98.94042847,2010-07
CINE HUEJUTLA,,0 a 5 personas,CALLE,CUAUHTEMOC,,COLONIA,CENTRO,43000,13,HIDALGO,28,Huejutla de Reyes,1,Huejutla de Reyes                                                                                             ,206,21.13853655,-98.42082142,2010-07
CINE MEDIA NARANJA,,0 a 5 personas,CALLE,NICOLAS ROMERO,,COLONIA,CENTRO,43990,13,HIDALGO,61,Tepeapulco,2,Fray Bernardino de Sahagún (Ciudad Sahagún)                                                                   ,501,19.77038486,-98.58188798,2019-11
CINEBOX TULA DE ALLENDE,CINEMAS DE TAMPICO,11 a 30 personas,BOULEVARD,TULA,118,COLONIA,VILLAS DEL SALITRE,42808,13,HIDALGO,76,Tula de Allende,1,Tula de Allende                                                                                               ,042A,20.05849239,-99.33509717,2014-12
CINEMA SNACKBAR NOPALA,,0 a 5 personas,AVENIDA,VICENTE VILLAGRAN,,COLONIA,CENTRO,42470,13,HIDALGO,44,Nopala de Villagrán,1,Nopala de Villagrán                                                                                           ,006A,20.24691328,-99.64287552,2024-11
CINEMAS PREMIER,,0 a 5 personas,CALLE,ALDAMA PONIENTE,5,COLONIA,CENTRO,43900,13,HIDALGO,8,Apan,1,Apan                                                                                                          ,152,19.70766518,-98.45152525,2019-11
CINEMAS ULTRA,,0 a 5 personas,CALLE,TECOZAUTLA HUICHAPAN,,BARRIO,LOS CRUCES,42440,13,HIDALGO,59,Tecozautla,1,Tecozautla                                                                                                    ,147,20.53581628,-99.65545962,2024-11
CINEPLEX,CINEMAS DE OCCIDENTE,11 a 30 personas,AVENIDA,INSURGENTES,150,COLONIA,EL FITZHI,42300,13,HIDALGO,30,Ixmiquilpan,16,Dios Padre                                                                                                    ,005A,20.47153804,-99.20736008,2019-11
CINEPOLIS GALERÍAS PACHUCA,EXHIBIDORA MEXICANA CINEPOLIS,51 a 100 personas,AVENIDA,FELIPE ANGELES,102,COLONIA,ZONA PLATEADA,42083,13,HIDALGO,48,Pachuca de Soto,1,Pachuca de Soto                                                                                               ,1550,20.09765521,-98.76700859,2020-04
CINEPOLIS PLAZA BELLA,EXHIBIDORA MEXICANA CINEPOLIS,31 a 50 personas,AVENIDA,REVOLUCIÓN,1307,COLONIA,PERIODISTA,42060,13,HIDALGO,48,Pachuca de Soto,1,Pachuca de Soto                                                                                               ,2417,20.11547038,-98.7458785,2010-07
CINEPOLIS TEPEJI DEL RÍO,EXHIBIDORA MEXICANA CINEPOLIS,31 a 50 personas,CARRETERA,ANTIGUA MÉXICO A QUERÉTARO,,COLONIA,SAN MATEO PRIMERA SECCION,42850,13,HIDALGO,63,Tepeji del Río de Ocampo,1,Tepeji del Río de Ocampo                                                                                      ,309,19.90294262,-99.33569202,2010-07
CINEPOLIS TIZAYUCA,EXHIBIDORA MEXICANA CINEPOLIS,11 a 30 personas,OTRO(ESPECIFIQUE),NINGUNO,687,COLONIA,FUENTES TIZAYUCA,43815,13,HIDALGO,69,Tizayuca,50,Fuentes de Tizayuca                                                                                           ,118A,19.87061355,-98.95938673,2023-11
CINEPOLIS VÉRTICE PACHUCA,EXHIBIDORA MEXICANA CINEPOLIS,11 a 30 personas,BOULEVARD,NUEVO HIDALGO,,COLONIA,COLONIAS,42083,13,HIDALGO,48,Pachuca de Soto,1,Pachuca de Soto                                                                                               ,1423,20.05535265,-98.78216117,2023-11
CINEPOLIS VIP GALERÍAS PACHUCA,EXHIBIDORA MEXICANA CINEPOLIS,31 a 50 personas,AVENIDA,FELIPE ANGELES,102,COLONIA,ZONA PLATEADA,42080,13,HIDALGO,48,Pachuca de Soto,1,Pachuca de Soto                                                                                               ,1550,20.09765521,-98.76700859,2010-07
CINESTAR ACTOPAN,JOSE ARISMENDI,0 a 5 personas,CARRETERA,MEXICO LAREDO,,COLONIA,CAÑADA AVIACIÓN,42506,13,HIDALGO,3,Actopan,1,Actopan                                                                                                       ,156,20.27531879,-98.95335274,2024-11
CINETECA TULANCINGO,,6 a 10 personas,CALLE,NINGUNO,,COLONIA,FERROCARRILERA,43640,13,HIDALGO,77,Tulancingo de Bravo,1,Tulancingo                                                                                                    ,499,20.0867401,-98.37514115,2014-12
DV CINEMAS,DV CINEMAS,11 a 30 personas,CALLE,HEROICO COLEGIO MILITAR,201,COLONIA,CENTRO PRIMER CUADRO,43600,13,HIDALGO,77,Tulancingo de Bravo,1,Tulancingo                                                                                                    ,111,20.08001103,-98.36834864,2016-10
103 CINEMEX GUADALAJARA TRADICIONAL,OPERADORA DE CINEMAS,31 a 50 personas,AVENIDA,RÍO NILO,7540,COLONIA,VILLAS DE ORIENTE,45417,14,JALISCO,101,Tonalá,1,Tonalá                                                                                                        ,2020,20.64160482,-103.2778002,2010-07
122 CINEMEX LA GOURMETERIA POP,OPERADORA DE CINEMAS,11 a 30 personas,AVENIDA,LOS RECUERDOS ORIENTE,1710,COLONIA,EL PAOMAR,45645,14,JALISCO,97,Tlajomulco de Zúñiga,180,Palomar                                                                                                       ,1244,20.58657518,-103.445703,2019-11
130 CINEMEX LANDMARK PLATINO,OPERADORA DE CINEMAS,31 a 50 personas,CALLE,MANUEL J CLOUTHIER,8888,FRACCIONAMIENTO,JARDINES DEL TEPEYAC,45116,14,JALISCO,120,Zapopan,1,Zapopan                                                                                                       ,1278,20.65966692,-103.4223193,2014-12
134 CINEMEX LAS PLAZAS TRADICIONAL,OPERADORA DE CINEMAS,11 a 30 personas,CARRETERA,LÓPEZ MATEOS SUR,,COLONIA,HACIENDAS DEL ORO,45640,14,JALISCO,97,Tlajomulco de Zúñiga,25,San Agustín                                                                                                   ,763,20.52206991,-103.4818235,2010-07
148 CINEMEX MACROPLAZA VALLARTA TRADICIONAL,OPERADORA DE CINEMAS,11 a 30 personas,AVENIDA,FRANCISCO VILLA ,1526,COLONIA,LOS SAUCES,48328,14,JALISCO,67,Puerto Vallarta,1,Puerto Vallarta                                                                                               ,075A,20.64571478,-105.2201533,2019-11
174 CINEMEX OCOTLAN TRADICIONAL,OPERADORA DE CINEMAS,11 a 30 personas,AVENIDA,ECUADOR,0,COLONIA,SAN FELIPE,47810,14,JALISCO,63,Ocotlán,1,Ocotlán                                                                                                       ,163,20.36604278,-102.7688379,2020-11
184 CINEMEX PASEO ALCALDE POP,OPERADORA DE CINEMAS,11 a 30 personas,PROLONGACION,ALCALDE,140,COLONIA,EL BATAN,45185,14,JALISCO,120,Zapopan,1,Zapopan                                                                                                       ,3058,20.7195671,-103.3452407,2019-11
206 CINEMEX PLAZA CARACOL VALLARTA TRADICIONAL,OPERADORA DE CINEMAS,11 a 30 personas,AVENIDA,LOS TULES,178,COLONIA,LAS GLORIAS,48310,14,JALISCO,67,Puerto Vallarta,1,Puerto Vallarta                                                                                               ,2582,20.64189324,-105.2316188,2010-07
219 CINEMEX PLAZA PATRIA PLATINO,OPERADORA DE CINEMAS,11 a 30 personas,AVENIDA,DE LA PATRIA,1950,COLONIA,JACARANDAS,45170,14,JALISCO,120,Zapopan,1,Zapopan                                                                                                       ,1278,20.65748538,-103.4230033,2017-03
220 CINEMEX PLAZA PATRIA PREMIUM,OPERADORA DE CINEMAS,31 a 50 personas,AVENIDA,AVILA CAMACHO,1950,COLONIA,JACARANDAS,45160,14,JALISCO,120,Zapopan,1,Zapopan                                                                                                       ,4198,20.7125052,-103.3756628,2025-04
236 CINEMEX PUERTO VALLARTA TRADICIONAL,OPERADORA DE CINEMAS,11 a 30 personas,AVENIDA,FRANCISCO MEDINA ASCENCIO (LA BARCA A SAN MIGUEL),2920,COLONIA,ZONA HOTELERA NTE,48338,14,JALISCO,67,Puerto Vallarta,1,Puerto Vallarta                                                                                               ,1743,20.65821214,-105.240343,2012-06
252 CINEMEX SAN GASPAR TRADICIONAL,OPERADORA DE CINEMAS,11 a 30 personas,PROLONGACION,SAN GASPAR,350,COLONIA,LOS CAMICHINES,45412,14,JALISCO,101,Tonalá,1,Tonalá                                                                                                        ,490,20.67752556,-103.2555513,2017-03
262 CINEMEX SANIA TRADICIONAL,OPERADORA DE CINEMAS,11 a 30 personas,AVENIDA,IGNACIO L VALLARTA,3300,COLONIA,VALLARTA NORTE,44690,14,JALISCO,39,Guadalajara,1,Guadalajara                                                                                                   ,1289,20.67458693,-103.393205,2019-11
290 CINEMEX TLAQUEPAQUE TRADICIONAL,OPERADORA DE CINEMAS,11 a 30 personas,CALLE,NIÑOS HÉROES,720,COLONIA,SAN PEDRO,45400,14,JALISCO,98,San Pedro Tlaquepaque,1,Tlaquepaque                                                                                                   ,1519,20.63314706,-103.2934064,2017-11
308 CINEMEX ZAPOPAN PREMIUM,OPERADORA DE CINEMAS,11 a 30 personas,AVENIDA,ACUEDUCTO,6050,COLONIA,LOMAS DEL BOSQUE,45118,14,JALISCO,120,Zapopan,1,Zapopan                                                                                                       ,2702,20.72227911,-103.416621,2010-07
32 CINEMEX CD GUZMAN TRADICIONAL,OPERADORA DE CINEMAS,11 a 30 personas,CALZADA,MADERO Y CARRANZA,570,CIUDAD,ZAPOTLAN EL GRANDE JALISCO,49000,14,JALISCO,23,Zapotlán el Grande,1,Ciudad Guzmán                                                                                                 ,83,19.70271458,-103.4831783,2012-06
CINE DEL CENTRO,,0 a 5 personas,CALLE,MORELOS,435,COLONIA,CENTRO,44100,14,JALISCO,39,Guadalajara,1,Guadalajara                                                                                                   ,1359,20.67646374,-103.3487158,2019-11
CINE PARAISO,,0 a 5 personas,CALLE,LIBERTAD,1047,COLONIA,CENTRO,44100,14,JALISCO,39,Guadalajara,1,Guadalajara                                                                                                   ,1626,20.67128186,-103.3506781,2019-11
CINEBOX PLAZA CAPUCHINAS,CINEMAS DE SAN JUAN,6 a 10 personas,CALLE,FÉLIX RAMÍREZ RENTARÍA,150,COLONIA,CENTRO,47400,14,JALISCO,53,Lagos de Moreno,1,Lagos de Moreno                                                                                               ,1108,21.36048138,-101.9212469,2010-07
CINEMA PLAZA,,0 a 5 personas,CALLE,VICENTE GUERRERO,238,COLONIA,CENTRO,44360,14,JALISCO,39,Guadalajara,1,Guadalajara                                                                                                   ,1378,20.67561453,-103.3370779,2010-07
CINEMA SAU PAULO,CINEMA SAU PAULO,31 a 50 personas,PROLONGACION,PROLONGACION DE LAS AMERICAS,1545,COLONIA,PROVIDENCIA,44630,14,JALISCO,39,Guadalajara,1,Guadalajara                                                                                                   ,308,20.70215747,-103.3760181,2024-11
CINEMA TORO,,0 a 5 personas,CALLE,ANALCO,789,COLONIA,LAS CONCHAS,44460,14,JALISCO,39,Guadalajara,1,Guadalajara                                                                                                   ,3976,20.66147144,-103.3426017,2014-12
CINEMAS DEL LAGO,CINEMAS DEL LAGO,11 a 30 personas,CALLE,ORIENTE,56,LOCALIDAD,AJIJIC,45920,14,JALISCO,30,Chapala,2,Ajijic                                                                                                        ,209,20.30007049,-103.2558419,2024-11
CINEMATIC,CINEMATIC FILM Y ENTRETENIMIENTO,11 a 30 personas,AVENIDA,HIDALGO,206,LOCALIDAD,SAN ANTONIO TLAYACAPAN,45922,14,JALISCO,30,Chapala,5,San Antonio Tlayacapan                                                                                        ,043A,20.29781187,-103.2433746,2020-11
CINEPLEX ,CINEMAS DE OCCIDENTE,11 a 30 personas,AVENIDA,INDEPENDENCIA,932,COLONIA,SAN CAYETANO,47750,14,JALISCO,13,Atotonilco el Alto,1,Atotonilco el Alto                                                                                            ,265,20.54424659,-102.5251899,2025-04
CINEPLEX,CINEMAS DE OCCIDENTE,11 a 30 personas,CALLE,10-A,1633,COLONIA,FERROCARRIL,44440,14,JALISCO,39,Guadalajara,1,Guadalajara                                                                                                   ,5347,20.64755786,-103.3523745,2010-07
CINEPOLIS,CINEPOLIS,0 a 5 personas,CALZADA,INDEPENDENCIA NORTE,3295,COLONIA,RICARDO FLORES MAGON,44240,14,JALISCO,39,Guadalajara,1,Guadalajara                                                                                                   ,4936,20.720371,-103.3176282,2026-04
CINEPOLIS ALAMEDA,EXHIBIDORA MEXICANA CINEPOLIS,11 a 30 personas,CALZADA,INDEPENDENCIA SUR,48,COLONIA,SAN JUAN DE DIOS,44100,14,JALISCO,39,Guadalajara,1,Guadalajara                                                                                                   ,1378,20.67437727,-103.3419804,2010-07
CINEPOLIS ARBOLEDAS,EXHIBIDORA MEXICANA CINEPOLIS,31 a 50 personas,AVENIDA,PASEO DE LA ARBOLEDA,2500,COLONIA,RINCONADA DE LA ARBOLEDA,44570,14,JALISCO,39,Guadalajara,1,Guadalajara                                                                                                   ,3961,20.64939464,-103.3864506,2010-07
CINEPOLIS CD. GUZMÁN,EXHIBIDORA MEXICANA CINEPOLIS,11 a 30 personas,AVENIDA,GOBERNADOR INGENIERO ALBERTO CÁRDENAS JIMÉNEZ,867,COLONIA,CENTRO,49000,14,JALISCO,23,Zapotlán el Grande,1,Ciudad Guzmán                                                                                                 ,774,19.68097971,-103.4735152,2023-11
CINEPOLIS CENTRO MAGNO,EXHIBIDORA MEXICANA CINEPOLIS,51 a 100 personas,AVENIDA,IGNACIO L VALLARTA,2425,COLONIA,ARCOS VALLARTA,44100,14,JALISCO,39,Guadalajara,1,Guadalajara                                                                                                   ,1293,20.67424242,-103.3805969,2010-07
CINEPOLIS CENTRO SUR (GUADALAJARA),EXHIBIDORA MEXICANA CINEPOLIS,51 a 100 personas,PERIFERICO,ANILLO PERIFÉRICO SUR MANUEL GÓMEZ MORÍN,7835,COLONIA,NUEVA SANTA MARÍA,45605,14,JALISCO,98,San Pedro Tlaquepaque,1,Tlaquepaque                                                                                                   ,1928,20.60498241,-103.3995938,2017-03
CINEPOLIS CIUDADELA,EXHIBIDORA MEXICANA CINEPOLIS,31 a 50 personas,AVENIDA,LABNA,1437,COLONIA,MIRADOR DEL SOL,45050,14,JALISCO,120,Zapopan,1,Zapopan                                                                                                       ,1297,20.65016363,-103.4182697,2010-07
CINEPOLIS FÓRUM TLAQUEPAQUE,EXHIBIDORA MEXICANA CINEPOLIS,51 a 100 personas,BOULEVARD,MARCELINO GARCÍA BARRAGÁN,2077,COLONIA,PRADOS DEL NILO,44840,14,JALISCO,39,Guadalajara,1,Guadalajara                                                                                                   ,2662,20.64807707,-103.3218814,2012-06
CINEPOLIS GALERÍAS (GUADALAJARA),EXHIBIDORA MEXICANA CINEPOLIS,51 a 100 personas,CALLE,RAFAEL SANZIO,150,COLONIA,CAMICHINES VALLARTA,45030,14,JALISCO,120,Zapopan,1,Zapopan                                                                                                       ,1225,20.67698999,-103.4318178,2017-03
CINEPOLIS GALERÍAS METROPOLITANA AUTLÁN,EXHIBIDORA MEXICANA CINEPOLIS,11 a 30 personas,CARRETERA,AUTLÁN-EL GRULLO (PROLONGACIÓN MATAMOROS),755,COLONIA,CENTRO,48900,14,JALISCO,15,Autlán de Navarro,1,Autlán de Navarro                                                                                             ,147,19.76716444,-104.3519954,2017-11
CINEPOLIS GALERÍAS SANTA ANITA,EXHIBIDORA MEXICANA CINEPOLIS,31 a 50 personas,AVENIDA,LÓPEZ MATEOS SUR,9900,COLONIA,LOMAS DE SANTA ANITA,45640,14,JALISCO,97,Tlajomulco de Zúñiga,25,San Agustín                                                                                                   ,797,20.55385072,-103.4672215,2023-11
CINEPOLIS GALERÍAS VIP SANTA ANITA,EXHIBIDORA MEXICANA CINEPOLIS,31 a 50 personas,AVENIDA,LÓPEZ MATEOS SUR,9900,COLONIA,LOMAS DE SANTA ANITA,45640,14,JALISCO,97,Tlajomulco de Zúñiga,25,San Agustín                                                                                                   ,797,20.55356721,-103.4674027,2023-11
CINEPOLIS GRAN TERRAZA BELENES,EXHIBIDORA MEXICANA CINEPOLIS,31 a 50 personas,AVENIDA,JUAN PABLO II,1300,COLONIA,PARQUE INDUSTRIAL BELNES,45145,14,JALISCO,120,Zapopan,1,Zapopan                                                                                                       ,1009,20.73746992,-103.4019116,2011-03
CINEPOLIS GRAN TERRAZA OBLATOS,EXHIBIDORA MEXICANA CINEPOLIS,51 a 100 personas,AVENIDA,OBLATOS,2700,COLONIA,OBLATOS,44716,14,JALISCO,39,Guadalajara,1,Guadalajara                                                                                                   ,863,20.68878909,-103.296293,2017-03
CINEPOLIS INDEPENDENCIA,EXHIBIDORA MEXICANA CINEPOLIS,11 a 30 personas,CALZADA,INDEPENDENCIA NORTE,3295,COLONIA,RICARDO FLORES MAGON,44240,14,JALISCO,39,Guadalajara,1,Guadalajara                                                                                                   ,4936,20.720371,-103.3176282,2010-07
CINEPOLIS LA GRAN PLAZA (GUADALAJARA),EXHIBIDORA MEXICANA CINEPOLIS,51 a 100 personas,AVENIDA,VALLARTA EJE PONIENTE,3959,COLONIA,DON BOSCO VALLARTA,44140,14,JALISCO,120,Zapopan,1,Zapopan                                                                                                       ,1189,20.67518666,-103.4049235,2010-07
CINEPOLIS LA NORMAL,EXHIBIDORA MEXICANA CINEPOLIS,11 a 30 personas,AVENIDA,MANUEL ÁVILA CAMACHO,1275,COLONIA,ALCALDE BARRANQUITAS,44260,14,JALISCO,39,Guadalajara,1,Guadalajara                                                                                                   ,666,20.6954469,-103.3493709,2010-07
CINEPOLIS LA PERLA,EXHIBIDORA MEXICANA CINEPOLIS,51 a 100 personas,AVENIDA,MARIANO OTERO,3000,COLONIA,JARDINES DEL SOL,45055,14,JALISCO,120,Zapopan,1,Zapopan                                                                                                       ,640,20.64473362,-103.4121548,2023-11
CINEPOLIS LAS TORRES GUADALAJARA,EXHIBIDORA MEXICANA CINEPOLIS,11 a 30 personas,CALZADA,8 DE JULIO,1896,COLONIA,MORELOS,44940,14,JALISCO,39,Guadalajara,1,Guadalajara                                                                                                   ,2427,20.6485542,-103.3608355,2010-07
CINEPOLIS MC PLAZA CHEDRAUI TLAJOMULCO,EXHIBIDORA MEXICANA CINEPOLIS,11 a 30 personas,OTRO(ESPECIFIQUE),NINGUNO,101,COLONIA,VILLAS DE LA HACIENDA,45640,14,JALISCO,97,Tlajomulco de Zúñiga,833,Villas de la Hacienda [Fraccionamiento]                                                                       ,2948,20.52609539,-103.3860927,2014-12
CINEPOLIS MULTICENTER EL SALTO,EXHIBIDORA MEXICANA CINEPOLIS,11 a 30 personas,AVENIDA,INDUSTRIAL EL SALTO,2100,COLONIA,SAN JOSE EL VERDE,45694,14,JALISCO,70,El Salto,21,San José el Verde (El Verde)                                                                                  ,101A,20.5620769,-103.2843201,2014-12
CINEPOLIS MULTIPLAZA DEL VALLE TLAJOMULCO,EXHIBIDORA MEXICANA CINEPOLIS,11 a 30 personas,AVENIDA,NINGUNO,6800,COLONIA,REAL DEL VALLE,45654,14,JALISCO,97,Tlajomulco de Zúñiga,831,Real del Valle (El Paraíso) [Fraccionamiento]                                                                 ,2030,20.54171523,-103.3605105,2023-11
CINEPOLIS PABELLÓN GUADALAJARA,EXHIBIDORA MEXICANA CINEPOLIS,31 a 50 personas,AVENIDA,ACUEDUCTO,2380,COLONIA,VISTA DEL BOSQUE,44666,14,JALISCO,39,Guadalajara,1,Guadalajara                                                                                                   ,3143,20.70715212,-103.4049487,2010-07
CINEPOLIS PLAZA ARGANIA (SAN JUAN DE LOS LAGOS),EXHIBIDORA MEXICANA CINEPOLIS,11 a 30 personas,CALLE,LABERINTO,45,COLONIA,CENTRO,47000,14,JALISCO,73,San Juan de los Lagos,1,San Juan de los Lagos                                                                                         ,70,21.24233343,-102.3361855,2023-11
CINEPOLIS PLAZA MÉXICO,EXHIBIDORA MEXICANA CINEPOLIS,11 a 30 personas,AVENIDA,MÉXICO,3300,COLONIA,MONRAZ,44670,14,JALISCO,39,Guadalajara,1,Guadalajara                                                                                                   ,1043,20.67856216,-103.3993901,2020-04
CINEPOLIS PLAZA RÍO NILO,EXHIBIDORA MEXICANA CINEPOLIS,51 a 100 personas,AVENIDA,RÍO NILO,7377,COLONIA,LOMAS DE LA SOLEDAD,45403,14,JALISCO,101,Tonalá,1,Tonalá                                                                                                        ,2001,20.63995067,-103.2759472,2014-12
CINEPOLIS PLAZA SAYULA,EXHIBIDORA MEXICANA CINEPOLIS,11 a 30 personas,CALLE,DOCTOR J. JESÚS FIGUEROA TORRES,70,COLONIA,SAN SEBASTIÁN,49310,14,JALISCO,82,Sayula,1,Sayula                                                                                                        ,50,19.87938903,-103.5895413,2023-11
CINEPOLIS PUERTO VALLARTA,EXHIBIDORA MEXICANA CINEPOLIS,31 a 50 personas,CALLE,FRANCISCO VILLA,1642,COLONIA,EX HACIENDA EL PITILLAL,48318,14,JALISCO,67,Puerto Vallarta,1,Puerto Vallarta                                                                                               ,075A,20.64830374,-105.2197109,2010-07
CINEPOLIS PUNTO LA GLORIA (TEPATITLÁN),EXHIBIDORA MEXICANA CINEPOLIS,11 a 30 personas,CALLE,S.S. JUAN PABLO II,325,COLONIA,LA GLORIA,47680,14,JALISCO,93,Tepatitlán de Morelos,1,Tepatitlán de Morelos                                                                                         ,711,20.810347,-102.7768022,2017-03
CINEPOLIS PUNTO ORIENTE,EXHIBIDORA MEXICANA CINEPOLIS,11 a 30 personas,AVENIDA,JOSE MARIA IGLESIAS,3150,COLONIA,CUAUHTEMOC,44720,14,JALISCO,39,Guadalajara,1,Guadalajara                                                                                                   ,3800,20.67967979,-103.2906243,2017-03
CINEPOLIS PUNTO SUR,EXHIBIDORA MEXICANA CINEPOLIS,31 a 50 personas,AVENIDA,LOPEZ MATEOS SUR,235,COLONIA,PLAZA PUNTO SUR,45645,14,JALISCO,97,Tlajomulco de Zúñiga,20,Los Gavilanes                                                                                                 ,1013,20.57026608,-103.4557744,2023-11
CINEPOLIS REAL CENTER,EXHIBIDORA MEXICANA CINEPOLIS,31 a 50 personas,AVENIDA,SANTA MARGARITA,3600,COLONIA,RESIDENCIAL PONIENTE,45136,14,JALISCO,120,Zapopan,1,Zapopan                                                                                                       ,212,20.73001666,-103.4300272,2016-01
CINEPOLIS TOLSÁ,EXHIBIDORA MEXICANA CINEPOLIS,11 a 30 personas,AVENIDA,ENRIQUE DÍAZ DE LEÓN,430,COLONIA,MODERNA SECTOR JUÁREZ,44170,14,JALISCO,39,Guadalajara,1,Guadalajara                                                                                                   ,1838,20.67075223,-103.3594273,2010-07
CINEPOLIS URBAN CENTER LA RIOJA,EXHIBIDORA MEXICANA CINEPOLIS,11 a 30 personas,AVENIDA,LOPEZ MATEOS SUR,7000,COLONIA,LA RIOJA,45645,14,JALISCO,97,Tlajomulco de Zúñiga,20,Los Gavilanes                                                                                                 ,1013,20.56970418,-103.4568538,2026-04
CINEPOLIS VIP ANDARES,EXHIBIDORA MEXICANA CINEPOLIS,51 a 100 personas,AVENIDA,PATRIA,2085,COLONIA,PUERTA DE HIERRO,45116,14,JALISCO,120,Zapopan,1,Zapopan                                                                                                       ,3293,20.70823973,-103.4107939,2010-07
CINEPOLIS VIP GALERÍAS (GUADALAJARA),EXHIBIDORA MEXICANA CINEPOLIS,31 a 50 personas,CALLE,RAFAEL SANZIO,150,COLONIA,CAMICHINES VALLARTA,45030,14,JALISCO,120,Zapopan,1,Zapopan                                                                                                       ,1225,20.67698999,-103.4318178,2020-04
CINEPOLIS VIP LA GRAN PLAZA (GUADALAJARA),EXHIBIDORA MEXICANA CINEPOLIS,31 a 50 personas,AVENIDA,VALLARTA EJE PONIENTE,3959,COLONIA,DON BOSCO VALLARTA,44140,14,JALISCO,120,Zapopan,1,Zapopan                                                                                                       ,1189,20.67518666,-103.4049235,2023-11
CINEPOLIS VIP LA ISLA PUERTO VALLARTA,EXHIBIDORA MEXICANA CINEPOLIS,31 a 50 personas,AVENIDA,FRANCISCO MEDINA ASCENCIO,2479,COLONIA,ZONA HOTELERA LAS GLORIAS,48333,14,JALISCO,67,Puerto Vallarta,1,Puerto Vallarta                                                                                               ,1669,20.64538579,-105.2375263,2019-04
CINEPOLIS VIP LA PERLA,EXHIBIDORA MEXICANA CINEPOLIS,51 a 100 personas,AVENIDA,MARIANO OTERO,3000,COLONIA,JARDINES DEL SOL,45050,14,JALISCO,120,Zapopan,1,Zapopan                                                                                                       ,640,20.64473362,-103.4121548,2023-11
CINEPOLIS VIP MIDTOWN JALISCO,EXHIBIDORA MEXICANA CINEPOLIS,31 a 50 personas,CALLE,COLOMOS,2339,COLONIA,ITALIA PROVIDENCIA,44648,14,JALISCO,39,Guadalajara,1,Guadalajara                                                                                                   ,613,20.693448,-103.3750452,2019-11
CINEPOLIS VIP PUNTO SUR,EXHIBIDORA MEXICANA CINEPOLIS,31 a 50 personas,AVENIDA,LOPEZ MATEOS SUR,235,COLONIA,PLAZA PUNTO SUR,45645,14,JALISCO,97,Tlajomulco de Zúñiga,20,Los Gavilanes                                                                                                 ,1013,20.57026608,-103.4557744,2023-11
PLAZA SAN JAVIER,OPERADORA INPLAEN DE LOS ALTOS,0 a 5 personas,CALLE,ALDAMA,,COLONIA,MEXIQUITO,47180,14,JALISCO,8,Arandas,1,Arandas                                                                                                       ,674,20.72049034,-102.3363108,2010-07
SALA ELIZABETH TAYLOR,,0 a 5 personas,CALLE,5 DE FEBRERO,265,COLONIA,EMILIANO ZAPATA,48380,14,JALISCO,67,Puerto Vallarta,1,Puerto Vallarta                                                                                               ,251,20.60512531,-105.2359859,2010-07
SALA PARIS,,0 a 5 personas,AVENIDA,JUAREZ,135,COLONIA,CENTRO,44100,14,JALISCO,39,Guadalajara,1,Guadalajara                                                                                                   ,1630,20.67508828,-103.344702,2019-11
111 CINEMEX HUEHUETOCA POP,OPERADORA DE CINEMAS,11 a 30 personas,AVENIDA,NINGUNO,4,COLONIA,BARRIO SALETRILLO,54680,15,MÉXICO                      ,35,Huehuetoca,18,Casa Nueva                                                                                                    ,93,19.83169134,-99.21138844,2011-03
117 CINEMEX IXTAPALUCA TRADICIONAL,OPERADORA DE CINEMAS,31 a 50 personas,AVENIDA,CUAUHTÉMOC,3,COLONIA,SANTA BARBARA,56538,15,MÉXICO                      ,39,Ixtapaluca,1,Ixtapaluca                                                                                                    ,075A,19.31333768,-98.88989333,2010-07
118 CINEMEX IZCALLI TRADICIONAL,OPERADORA DE CINEMAS,31 a 50 personas,AVENIDA,CHALMA,,COLONIA,JARDINES DE LA HACIENDA SUR,54720,15,MÉXICO                      ,121,Cuautitlán Izcalli,1,Cuautitlán Izcalli                                                                                            ,1316,19.67046402,-99.20658637,2010-07
125 CINEMEX LA JOYA TRADICIONAL,OPERADORA DE CINEMAS,11 a 30 personas,CARRETERA,CUAUTITLAN MELCHOR OCAMPO,,COLONIA,TLALTEPAN,54800,15,MÉXICO                      ,24,Cuautitlán,1,Cuautitlán                                                                                                    ,023A,19.67284748,-99.16586427,2014-12
128 CINEMEX LA VIA TRADICIONAL,OPERADORA DE CINEMAS,11 a 30 personas,AVENIDA,FERRONALES,0,COLONIA,CUAUTITLAN,54800,15,MÉXICO                      ,24,Cuautitlán,1,Cuautitlán                                                                                                    ,386,19.66884968,-99.17602479,2010-07
136 CINEMEX LERMA PREMIUM,OPERADORA DE CINEMAS,11 a 30 personas,CARRETERA,MÉXICO-TOLUCA,,COLONIA,LA MERCED O EL CALVARIO,52000,15,MÉXICO                      ,51,Lerma,1,Lerma de Villada                                                                                              ,256,19.28425128,-99.49838014,2020-11
142 CINEMEX LOMAS VERDES PREMIUM,OPERADORA DE CINEMAS,31 a 50 personas,AVENIDA,AVENIDA LOMAS VERDES,25,COLONIA,BOULEVARES,53140,15,MÉXICO                      ,57,Naucalpan de Juárez,1,Naucalpan de Juárez                                                                                           ,1281,19.49470848,-99.24671293,2019-11
144 CINEMEX LOS REYES TRADICIONAL,OPERADORA DE CINEMAS,11 a 30 personas,CARRETERA,FEDERAL MÉXICO-PUEBLA KM 17+500,0,COLONIA,LOS REYES LA PAZ,56400,15,MÉXICO                      ,70,La Paz,13,Emiliano Zapata                                                                                               ,100A,19.35763091,-98.98933365,2010-07
152 CINEMEX MARKET INTERLOMAS MARKET,OPERADORA DE CINEMAS,31 a 50 personas,BOULEVARD,HACIENDA DE LAS PALMAS,,COLONIA,VALLE DE LAS PALMAS,52787,15,MÉXICO                      ,37,Huixquilucan,71,Naucalpan de Juárez                                                                                           ,473,19.39363463,-99.28194954,2010-07
155 CINEMEX METEPEC PLAZA LA PILITA POP,OPERADORA DE CINEMAS,11 a 30 personas,AVENIDA,PRIMERO DE MAYO,0,BARRIO,HERMENEGILDO GALEANA,52140,15,MÉXICO                      ,54,Metepec,1,Metepec                                                                                                       ,737,19.25764616,-99.59687128,2016-01
157 CINEMEX MEXIQUENSE POP,OPERADORA DE CINEMAS,11 a 30 personas,CALLE,MEXIQUENSE,0,COLONIA,LOS HÉROES TECÁMAC,55763,15,MÉXICO                      ,81,Tecámac,19,Ojo de Agua                                                                                                   ,1022,19.63157396,-99.01936553,2019-11
170 CINEMEX MUNDO E PLATINO,OPERADORA DE CINEMAS,31 a 50 personas,PERIFERICO,BOULEVARD MANUEL ÁVILA CAMACHO (AUTOPISTA MÉXICO-QUERÉTARO),1007,COLONIA,SANTA MONICA,54050,15,MÉXICO                      ,104,Tlalnepantla de Baz,1,Tlalnepantla                                                                                                  ,533,19.52398352,-99.22686095,2010-07
175 CINEMEX OJO DE AGUA TRADICIONAL,OPERADORA DE CINEMAS,31 a 50 personas,BOULEVARD,OJO DE AGUA,88,COLONIA,SAN FRANCISCO CUAUTITLIXCA,55760,15,MÉXICO                      ,81,Tecámac,19,Ojo de Agua                                                                                                   ,097A,19.66663758,-99.01593542,2014-12
185 CINEMEX PASEO CHALCO TRADICIONAL,OPERADORA DE CINEMAS,31 a 50 personas,BOULEVARD,LIBRAMIENTO ARTURO MONTIEL ROJAS,3,BARRIO,BARRIO LA CONCHITA,56600,15,MÉXICO                      ,25,Chalco,1,Chalco de Díaz Covarrubias                                                                                    ,2106,19.25203023,-98.89729906,2014-12
186 CINEMEX PASEO HIPODROMO PLATINO,OPERADORA DE CINEMAS,11 a 30 personas,AVENIDA,CONSCRIPTO,360,COLONIA,LOMAS HIPODROMO,53900,15,MÉXICO                      ,57,Naucalpan de Juárez,1,Naucalpan de Juárez                                                                                           ,480,19.43059645,-99.2393313,2019-11
193 CINEMEX PASEO VENTURA TRADICIONAL,OPERADORA DE CINEMAS,31 a 50 personas,AVENIDA,INSURGENTES,0,COLONIA,LAS AMERICAS,55076,15,MÉXICO                      ,33,Ecatepec de Morelos,1,Ecatepec de Morelos                                                                                           ,4941,19.58116973,-99.01807411,2010-07
196 CINEMEX PATIO TOLLOCAN TRADICIONAL,OPERADORA DE CINEMAS,31 a 50 personas,AVENIDA,JOSE MARIA MORELOS Y PAVON,1350,BARRIO,SAN SEBASTIÁN Y VÉRTICE,50090,15,MÉXICO                      ,106,Toluca,1,Toluca de Lerdo                                                                                               ,519,19.2882503,-99.63246424,2019-11
202 CINEMEX PLAZA BELLA COACALCO TRADICIONAL,OPERADORA DE CINEMAS,31 a 50 personas,CALLE,AVENIDA JOSE LOPEZ PORTILLO,105,COLONIA,VILLA DE LAS FLORES 1A SECCIÓN (UNIDAD COACALCO),55719,15,MÉXICO                      ,20,Coacalco de Berriozábal,1,San Francisco Coacalco                                                                                        ,160,19.63420929,-99.09727275,2010-07
212 CINEMEX PLAZA JARDINES TULTITLAN POP,OPERADORA DE CINEMAS,11 a 30 personas,AVENIDA,PRADOS DEL NORTE,0,COLONIA,SAN PABLO DE LAS SALINAS X,54933,15,MÉXICO                      ,109,Tultitlán,25,San Pablo de las Salinas                                                                                      ,1190,19.66633457,-99.07932238,2017-11
22 CINEMEX ATLACOMULCO TRADICIONAL,OPERADORA DE CINEMAS,31 a 50 personas,AVENIDA,VIAL JORGE JIMÉNEZ CANTÚ,,COLONIA,LAS MERCEDES,50455,15,MÉXICO                      ,14,Atlacomulco,1,Atlacomulco de Fabela                                                                                         ,271,19.7919011,-99.88662515,2014-12
233 CINEMEX PUERTA TEXCOCO TRADICIONAL,OPERADORA DE CINEMAS,31 a 50 personas,CARRETERA,MÉXICO-TEXCOCO,0,COLONIA,AMPLIACION PRESIDENTES,56250,15,MÉXICO                      ,99,Texcoco,42,Villa Santiago Cuautlalpan                                                                                    ,866,19.42679953,-98.91030514,2014-12
250 CINEMEX SAN ESTEBAN TRADICIONAL,OPERADORA DE CINEMAS,31 a 50 personas,CALZADA,SAN ESTEBAN,46,COLONIA,SAN ESTEBAN HUITZILACAS,53550,15,MÉXICO                      ,57,Naucalpan de Juárez,1,Naucalpan de Juárez                                                                                           ,1559,19.45896929,-99.23477738,2012-06
258 CINEMEX SAN MATEO TRADICIONAL,OPERADORA DE CINEMAS,31 a 50 personas,AVENIDA,ADOLFO LOPEZ MATEOS,201,COLONIA,BOSQUES DE MOCTEZUMA,53150,15,MÉXICO                      ,57,Naucalpan de Juárez,1,Naucalpan de Juárez                                                                                           ,688,19.4806882,-99.24957418,2019-11
266 CINEMEX SANTIN TRADICIONAL,OPERADORA DE CINEMAS,31 a 50 personas,CARRETERA,VIALIDAD LOPEZ PORTILLO,1101,COLONIA,SANTA CRUZ OTZACATIPAN,50210,15,MÉXICO                      ,106,Toluca,131,Hacienda Santín (Rancho Santín)                                                                               ,512A,19.34981169,-99.59037752,2014-12
278 CINEMEX TECAMAC TRADICIONAL,OPERADORA DE CINEMAS,31 a 50 personas,AVENIDA,LECHERIA TEXCOCO,,UNIDAD HABITACIONAL,LOS HÉROES SECCIÓN BOSQUES,55764,15,MÉXICO                      ,81,Tecámac,19,Ojo de Agua                                                                                                   ,1075,19.61443094,-99.03749813,2012-06
282 CINEMEX TEXCOCO TRADICIONAL,OPERADORA DE CINEMAS,31 a 50 personas,CALLE,BENITO JUÁREZ,304,COLONIA,ZARAGOZA SAN PABLO,56100,15,MÉXICO                      ,99,Texcoco,1,Texcoco de Mora                                                                                               ,796,19.51768171,-98.88212821,2019-11
29 CINEMEX CARSO CUATRO CAMINOS TRADICIONAL,OPERADORA DE CINEMAS,31 a 50 personas,CALLE,TRANSMICIONES MILITARES,30,ZONA INDUSTRIAL,PARQUE INDUSTRIAL NAUCALPAN,53489,15,MÉXICO                      ,57,Naucalpan de Juárez,1,Naucalpan de Juárez                                                                                           ,368,19.45660899,-99.21595827,2019-11
291 CINEMEX TOLUCA TRADICIONAL,OPERADORA DE CINEMAS,11 a 30 personas,BOULEVARD,ALFREDO DEL MAZO,705,BARRIO,TLACOPA,50010,15,MÉXICO                      ,106,Toluca,1,Toluca de Lerdo                                                                                               ,3227,19.31210926,-99.63573321,2010-07
293 CINEMEX TOWN SQUARE METEPEC PLATINO,OPERADORA DE CINEMAS,31 a 50 personas,AVENIDA,IGNACIO COMONFORT (CARRETERA MEXICO TOLUCA),1400,COLONIA,LA PROVIDENCIA,52177,15,MÉXICO                      ,54,Metepec,34,San Francisco Coaxusco                                                                                        ,898,19.26761311,-99.60711062,2010-07
294 CINEMEX TOWN SQUARE METEPEC PREMIUM,OPERADORA DE CINEMAS,31 a 50 personas,CALLE,MIGUEL HIDALGO,682,RESIDENCIAL,LA PROVIDENCIA ,52177,15,MÉXICO                      ,54,Metepec,34,San Francisco Coaxusco                                                                                        ,898,19.26865765,-99.60438357,2023-11
30 CINEMEX CARSO TLALNEPANTLA TRADICIONAL,OPERADORA DE CINEMAS,31 a 50 personas,CALLE,SOR JUANA INÉS DE LA CRUZ,280,COLONIA,SAN LORENZO TLALNEPANTLA,54033,15,MÉXICO                      ,104,Tlalnepantla de Baz,1,Tlalnepantla                                                                                                  ,1885,19.53938924,-99.20650283,2017-03
301 CINEMEX VALLE DORADO TRADICIONAL,OPERADORA DE CINEMAS,11 a 30 personas,BOULEVARD,MANUEL ÁVILA CAMACHO (AUTOPISTA MÉXICO-QUERÉTARO),3130,COLONIA,INDUSTRIAL TLAXCOLPAN,54030,15,MÉXICO                      ,104,Tlalnepantla de Baz,1,Tlalnepantla                                                                                                  ,029A,19.54722527,-99.21040068,2012-06
31 CINEMEX CD AZTECA TRADICIONAL,OPERADORA DE CINEMAS,31 a 50 personas,AVENIDA,CENTRAL CARLOS HANK GONZALEZ 632,50,COLONIA,LA FLORIDA ,55120,15,MÉXICO                      ,33,Ecatepec de Morelos,1,Ecatepec de Morelos                                                                                           ,629,19.53497287,-99.02744763,2010-07
310 CINEMEX ZUMPANGO POP,OPERADORA DE CINEMAS,11 a 30 personas,CALLE,JORGE JIMENEZ CANTU ,,BARRIO,DE SAN JUAN,55600,15,MÉXICO                      ,120,Zumpango,1,Zumpango de Ocampo                                                                                            ,293,19.79699133,-99.10492815,2019-11
39 CINEMEX CHALCO TRADICIONAL,OPERADORA DE CINEMAS,31 a 50 personas,PROLONGACION,VICENTE GUERRERO,0,COLONIA,CENTRO,56600,15,MÉXICO                      ,25,Chalco,1,Chalco de Díaz Covarrubias                                                                                    ,1201,19.26256472,-98.8960398,2010-07
41 CINEMEX CHIMALHUACAN TRADICIONAL,OPERADORA DE CINEMAS,31 a 50 personas,AVENIDA,GALICIA,,COLONIA,BARRIO XOCHITENCO,56350,15,MÉXICO                      ,31,Chimalhuacán,1,Chimalhuacán                                                                                                  ,111,19.4207858,-98.97172132,2010-07
47 CINEMEX COACALCO TRADICIONAL,OPERADORA DE CINEMAS,11 a 30 personas,AVENIDA,VÍA JOSÉ LÓPEZ PORTILLO,6,COLONIA,SAN LORENZO TETLIXTAC,55017,15,MÉXICO                      ,20,Coacalco de Berriozábal,1,San Francisco Coacalco                                                                                        ,211,19.62691889,-99.08054974,2014-12
52 CINEMEX CORTIJO TRADICIONAL,OPERADORA DE CINEMAS,31 a 50 personas,AVENIDA,MÉXICO-CUAUTLA,,COLONIA,HACIENDA SANTA BARBARA,56535,15,MÉXICO                      ,39,Ixtapaluca,1,Ixtapaluca                                                                                                    ,2277,19.29899996,-98.88421118,2014-12
56 CINEMEX CUAUTITLAN II POP,OPERADORA DE CINEMAS,11 a 30 personas,CALLE,UNIVERSIDAD,0,COLONIA,EL INFIERNILLO,54744,15,MÉXICO                      ,24,Cuautitlán,1,Cuautitlán                                                                                                    ,121,19.65629229,-99.17322951,2019-11
67 CINEMEX ECATEPEC TRADICIONAL,OPERADORA DE CINEMAS,11 a 30 personas,CALLE,VÍA JOSÉ MARÍA MORELOS,300,COLONIA,SANTA MARIA TULTEPLAC,55400,15,MÉXICO                      ,33,Ecatepec de Morelos,1,Ecatepec de Morelos                                                                                           ,046A,19.55921503,-99.04811015,2010-07
BOOM CINE MAS,,0 a 5 personas,CALLE,MARIPOSA MONARCA,,COLONIA,SAN FELIPE DEL PROCESO,50640,15,MÉXICO                      ,74,San Felipe del Progreso,1,San Felipe del Progreso                                                                                       ,320,19.70983377,-99.94840053,2026-04
CENTRO AUDIOVISUAL TOLUCA,,0 a 5 personas,CALLE,ALTAMIRANO,1017,COLONIA,UNIVERSIDAD,50130,15,MÉXICO                      ,106,Toluca,1,Toluca de Lerdo                                                                                               ,608,19.27297528,-99.65158882,2024-11
CINE BOOM CINEMAS,,0 a 5 personas,CALLE,AGRICULTURA,,PUEBLO,TEMASCALCINGO DE JOSE MARIA VELASCO,50400,15,MÉXICO                      ,85,Temascalcingo,1,Temascalcingo de José María Velasco                                                                           ,273,19.91677538,-100.0059187,2024-11
CINE DAVISAC,,6 a 10 personas,CALLE,CEREZOS,,COLONIA,LOMA COLORADA,53427,15,MÉXICO                      ,57,Naucalpan de Juárez,1,Naucalpan de Juárez                                                                                           ,2025,19.46071421,-99.27779242,2019-11
CINE DOT,INTER BAKER,11 a 30 personas,CALLE,MEXICO PUEBLA,0,COLONIA,CIUDAD DE LOS REYES ACAQUILPAN,56400,15,MÉXICO                      ,70,La Paz,1,Los Reyes Acaquilpan                                                                                          ,590,19.35849395,-98.99112884,2024-11
CINE DOT,CINE DOT,0 a 5 personas,AVENIDA,MIGUEL HIDALGO,201,MANZANA,SANTA CLARA,50090,15,MÉXICO                      ,106,Toluca,1,Toluca de Lerdo                                                                                               ,453,19.2901712,-99.65238145,2020-11
CINE ROOM,,0 a 5 personas,CALLE,LAZARO CARDENAS,23,COLONIA,EL CALVARIO,51411,15,MÉXICO                      ,82,Tejupilco,1,Tejupilco de Hidalgo                                                                                          ,445,18.90661871,-100.1572655,2024-11
CINE SEDENA,CINE SEDENA,0 a 5 personas,CALLE,NINGUNO,,UNIDAD HABITACIONAL,CENTRO COMERCIAL SECRETARIA DE LA DEFENSA NACIONAL NAUCALPAN,53533,15,MÉXICO                      ,57,Naucalpan de Juárez,1,Naucalpan de Juárez                                                                                           ,2468,19.45369598,-99.23372062,2019-11
CINE XILOTZIN,,0 a 5 personas,AVENIDA,LAZARO CARDENAS SUR,119,COLONIA,LA MERCED,54253,15,MÉXICO                      ,45,Jilotepec,1,Jilotepec de Molina Enríquez                                                                                  ,390,19.95142551,-99.53447289,2019-11
CINEMA 2037,,0 a 5 personas,CALLE,NICOLAS ROMERO,7,COLONIA,BENITO JUÁREZ PRIMERA SECCIÓN CENTRO,54400,15,MÉXICO                      ,60,Nicolás Romero,1,Ciudad Nicolás Romero                                                                                         ,537,19.62491394,-99.31451345,2014-12
CINEMA VALLE,CINEMA VALLE,0 a 5 personas,CALLE,CALLE DE MANUEL,100,PUEBLO,SANTA MARIA AHUACATLAN,51200,15,MÉXICO                      ,110,Valle de Bravo,1,Valle de Bravo                                                                                                ,70,19.1887983,-100.1300198,2014-12
CINEMA VALLE,,0 a 5 personas,CALLE,VALLE DEL TAJO,908,COLONIA,VALLE DE ARAGON 3RA SECCION,55280,15,MÉXICO                      ,33,Ecatepec de Morelos,1,Ecatepec de Morelos                                                                                           ,2911,19.50055661,-99.04354704,2010-07
CINEMEX,OPERADORA DE CINEMAS,0 a 5 personas,CALLE,CONSTITUCION,,BARRIO,LA CONCHITA,56600,15,MÉXICO                      ,25,Chalco,1,Chalco de Díaz Covarrubias                                                                                    ,2106,19.251283,-98.89919996,2026-04
CINEMEX,OPERADORA DE CINEMAS,0 a 5 personas,AVENIDA,INSURGENTES,0,CONDOMINIO,LAS AMERICAS,55076,15,MÉXICO                      ,33,Ecatepec de Morelos,1,Ecatepec de Morelos                                                                                           ,4941,19.58116973,-99.01807411,2020-11
CINEPLEX ,CINEMAS DE OCCIDENTE,11 a 30 personas,CALLE,ANTONIO VÉLEZ,3,COLONIA,CENTRO,50450,15,MÉXICO                      ,14,Atlacomulco,1,Atlacomulco de Fabela                                                                                         ,322,19.79904813,-99.87456583,2025-04
CINEPLEX ,CINEMAS DE OCCIDENTE,11 a 30 personas,AVENIDA,CUAUHTEMOC,0,COLONIA,SANTA BARBARA,56570,15,MÉXICO                      ,39,Ixtapaluca,1,Ixtapaluca                                                                                                    ,1921,19.31229088,-98.89740025,2025-04
CINEPLEX,CINEMAS DE OCCIDENTE,0 a 5 personas,CALLE,ANTONIO VELEZ,3,COLONIA,CENTRO,50450,15,MÉXICO                      ,14,Atlacomulco,1,Atlacomulco de Fabela                                                                                         ,322,19.79906624,-99.87462508,2026-04
CINEPOLIS,CINEPOLIS,11 a 30 personas,AVENIDA,SAN ANDRES,,COLONIA,TABLAS DEL POZO,55320,15,MÉXICO                      ,33,Ecatepec de Morelos,1,Ecatepec de Morelos                                                                                           ,2235,19.55621836,-99.08032688,2026-04
CINEPOLIS,CINEPOLIS DE MEXICO,31 a 50 personas,AVENIDA,TLÁLOC,25,COLONIA,EL ARENAL TENAYUCA,,15,MÉXICO                      ,104,Tlalnepantla de Baz,1,Tlalnepantla                                                                                                  ,590,19.53320586,-99.17271662,2026-04
CINEPOLIS ARKANA NORTE,EXHIBIDORA MEXICANA CINEPOLIS,11 a 30 personas,CARRETERA,MÉXICO A QUERÉTARO KM 30+200,0,COLONIA,SAN MARTÍN OBISPO TEPETLIXPA,54763,15,MÉXICO                      ,121,Cuautitlán Izcalli,1,Cuautitlán Izcalli                                                                                            ,1886,19.60586861,-99.18901935,2014-12
CINEPOLIS ATIZAPÁN,EXHIBIDORA MEXICANA CINEPOLIS,11 a 30 personas,CALZADA,SAN MATEO,17,COLONIA,CENTRO,52900,15,MÉXICO                      ,13,Atizapán de Zaragoza,1,Ciudad López Mateos                                                                                           ,895,19.56245924,-99.24518649,2017-03
CINEPOLIS CENTRO LAGO DE GUADALUPE,EXHIBIDORA MEXICANA CINEPOLIS,31 a 50 personas,CALLE,LAGO DE GUADALUPE,27,COLONIA,SAN PEDRO BARRIENTOS,54010,15,MÉXICO                      ,104,Tlalnepantla de Baz,1,Tlalnepantla                                                                                                  ,2309,19.5792796,-99.21327261,2012-06
CINEPOLIS CENTRO TEPOZÁN,EXHIBIDORA MEXICANA CINEPOLIS,51 a 100 personas,CALLE,PASEO DEL TEPOZÁN,3,COLONIA,FLORESTA LA PAZ,56240,15,MÉXICO                      ,70,La Paz,1,Los Reyes Acaquilpan                                                                                          ,590,19.36351568,-98.98878581,2014-12
CINEPOLIS COACALCO POWER CENTER (LA PALMA),EXHIBIDORA MEXICANA CINEPOLIS,31 a 50 personas,CALLE,VIA JOSE LOPEZ PORTILLO,2,COLONIA,CALPULLI DEL VALLE,55712,15,MÉXICO                      ,20,Coacalco de Berriozábal,1,San Francisco Coacalco                                                                                        ,902,19.63103933,-99.12346096,2023-11
CINEPOLIS COSMOPOL,EXHIBIDORA MEXICANA CINEPOLIS,31 a 50 personas,AVENIDA,VÍA JOSÉ LÓPEZ PORTILLO,1,COLONIA,SAN FRANCISCO,55700,15,MÉXICO                      ,20,Coacalco de Berriozábal,1,San Francisco Coacalco                                                                                        ,739,19.63136167,-99.12366532,2014-12
CINEPOLIS ECATEPEC,EXHIBIDORA MEXICANA CINEPOLIS,51 a 100 personas,AVENIDA,CENTRAL (SIERVO DE LA NACIÓN),4,COLONIA,LAS AMÉRICAS,55075,15,MÉXICO                      ,33,Ecatepec de Morelos,1,Ecatepec de Morelos                                                                                           ,4941,19.57966496,-99.02159029,2017-03
CINEPOLIS EL MOLINO,EXHIBIDORA MEXICANA CINEPOLIS,11 a 30 personas,AVENIDA,SEBASTIÁN LERDO DE TEJADA,305,COLONIA,LA MERCED (ALAMEDA),50080,15,MÉXICO                      ,106,Toluca,1,Toluca de Lerdo                                                                                               ,453,19.29206512,-99.66212695,2023-11
CINEPOLIS ESMERALDA ATIZAPÁN,EXHIBIDORA MEXICANA CINEPOLIS,11 a 30 personas,AVENIDA,BOSQUE DE ARRAYÁN,,COLONIA,BOSQUE ESMERALDA,52930,15,MÉXICO                      ,13,Atizapán de Zaragoza,1,Ciudad López Mateos                                                                                           ,186A,19.54835221,-99.2874574,2019-04
CINEPOLIS GALERÍAS ATIZAPÁN,EXHIBIDORA MEXICANA CINEPOLIS,31 a 50 personas,BOULEVARD,ADOLFO RUIZ CORTINES,255,COLONIA,LOMAS DE ATIZAPÁN,52977,15,MÉXICO                      ,13,Atizapán de Zaragoza,1,Ciudad López Mateos                                                                                           ,1268,19.54923092,-99.2758877,2017-11
CINEPOLIS GALERÍAS METEPEC,EXHIBIDORA MEXICANA CINEPOLIS,51 a 100 personas,CALLE,BOULEVARD JOSÉ MARÍA PINO SUÁREZ,400,COLONIA,BARRIO COAXUSTENCO,52140,15,MÉXICO                      ,54,Metepec,1,Metepec                                                                                                       ,332,19.25873973,-99.62061733,2020-04
CINEPOLIS GALERÍAS TOLUCA,EXHIBIDORA MEXICANA CINEPOLIS,31 a 50 personas,CALLE,PRIMERO DE MAYO,700,COLONIA,SANTA ANA TLAPALTITLÁN,50160,15,MÉXICO                      ,106,Toluca,86,Santa Ana Tlapaltitlán                                                                                        ,4225,19.2911792,-99.62167091,2016-01
CINEPOLIS GRAN PATIO TEXCOCO,EXHIBIDORA MEXICANA CINEPOLIS,31 a 50 personas,CALLE,MIGUEL HIDALGO Y COSTILLA,300,COLONIA,SANTA CRUZ DE ARRIBA,56130,15,MÉXICO                      ,99,Texcoco,37,Santa Cruz de Arriba                                                                                          ,1718,19.51552604,-98.86929529,2014-12
CINEPOLIS GRAND PLAZA TOLUCA,EXHIBIDORA MEXICANA CINEPOLIS,11 a 30 personas,CALLE,BENITO JUÁREZ,211,COLONIA,CENTRO,50000,15,MÉXICO                      ,106,Toluca,1,Toluca de Lerdo                                                                                               ,487,19.28715596,-99.65421419,2017-03
CINEPOLIS GUSTAVO BAZ,EXHIBIDORA MEXICANA CINEPOLIS,11 a 30 personas,AVENIDA,VÍA GUSTAVO BAZ,29,COLONIA,XOCOYAHUALCO,54080,15,MÉXICO                      ,57,Naucalpan de Juárez,1,Naucalpan de Juárez                                                                                           ,1192,19.50954786,-99.21944419,2019-04
CINEPOLIS HOLLYWOOD,EXHIBIDORA MEXICANA CINEPOLIS,11 a 30 personas,BOULEVARD,MANUEL ÁVILA CAMACHO,20,COLONIA,EL PARQUE,53398,15,MÉXICO                      ,57,Naucalpan de Juárez,1,Naucalpan de Juárez                                                                                           ,368,19.45365027,-99.22018726,2010-07
CINEPOLIS IZCALLI,EXHIBIDORA MEXICANA CINEPOLIS,31 a 50 personas,AUTOPISTA,MÉXICO A QUERÉTARO KM 37,2,COLONIA,ARCOS DEL ALBA,54769,15,MÉXICO                      ,121,Cuautitlán Izcalli,1,Cuautitlán Izcalli                                                                                            ,1231,19.59874632,-99.19602491,2017-11
CINEPOLIS LA CÚSPIDE,EXHIBIDORA MEXICANA CINEPOLIS,31 a 50 personas,CIRCUITO,LOMAS VERDES,1200,COLONIA,LOMAS VERDES 5TA SECCIÓN,53126,15,MÉXICO                      ,57,Naucalpan de Juárez,1,Naucalpan de Juárez                                                                                           ,2612,19.51321577,-99.26815226,2017-03
CINEPOLIS LUNA PARC,EXHIBIDORA MEXICANA CINEPOLIS,31 a 50 personas,AVENIDA,AVENIDA PRIMERO DE MAYO,34,COLONIA,CUMBRÍA,54700,15,MÉXICO                      ,121,Cuautitlán Izcalli,1,Cuautitlán Izcalli                                                                                            ,2282,19.65661099,-99.21005382,2016-01
CINEPOLIS MAGNOCENTRO INTERLOMAS,EXHIBIDORA MEXICANA CINEPOLIS,11 a 30 personas,AVENIDA,MAGNO CENTRO,26,COLONIA,MAGNOCENTRO,52786,15,MÉXICO                      ,37,Huixquilucan,71,Naucalpan de Juárez                                                                                           ,98,19.40356663,-99.27149493,2010-07
CINEPOLIS MC PLAZA CAÑADA,EXHIBIDORA MEXICANA CINEPOLIS,11 a 30 personas,CARRETERA,TULA A JOROBAS KM 2+038,,COLONIA,SANTA TERESA,54695,15,MÉXICO                      ,35,Huehuetoca,27,Santa Teresa                                                                                                  ,286,19.84197586,-99.23934322,2014-12
CINEPOLIS NEZA NORTE,EXHIBIDORA MEXICANA CINEPOLIS,31 a 50 personas,AVENIDA,PLAZA DE ARAGÓN,1,COLONIA,PLAZAS DE ARAGÓN,57139,15,MÉXICO                      ,58,Nezahualcóyotl,1,Ciudad Nezahualcóyotl                                                                                         ,1950,19.48286671,-99.03661181,2010-07
CINEPOLIS NEZAHUALCÓYOTL,EXHIBIDORA MEXICANA CINEPOLIS,51 a 100 personas,AVENIDA,REY NEZAHUALCOYOTL,257,FRACCIONAMIENTO,BENITO JUAREZ,57809,15,MÉXICO                      ,58,Nezahualcóyotl,1,Ciudad Nezahualcóyotl                                                                                         ,1556,19.40020692,-98.98834181,2010-07
CINEPOLIS PARQUE TOREO (MIXTO),EXHIBIDORA MEXICANA CINEPOLIS,31 a 50 personas,BOULEVARD,MANUEL ÁVILA CAMACHO,5,COLONIA,LOMAS DE SOTELO,53390,15,MÉXICO                      ,57,Naucalpan de Juárez,1,Naucalpan de Juárez                                                                                           ,368,19.45571747,-99.21968886,2019-11
CINEPOLIS PASEO INTERLOMAS,EXHIBIDORA MEXICANA CINEPOLIS,31 a 50 personas,AVENIDA,ENTRONQUE INTERLOMAS,6,COLONIA,CONJUNTO URBANO GREEN HOUSE,52764,15,MÉXICO                      ,37,Huixquilucan,71,Naucalpan de Juárez                                                                                           ,558,19.39730987,-99.28354668,2014-12
CINEPOLIS PATIO AYOTLA,EXHIBIDORA MEXICANA CINEPOLIS,11 a 30 personas,AVENIDA,CUAUHTEMOC,1,COLONIA,PATIO AYOTLA,56560,15,MÉXICO                      ,39,Ixtapaluca,1,Ixtapaluca                                                                                                    ,1086,19.31230027,-98.92531174,2010-07
CINEPOLIS PEDREGAL ATIZAPÁN,EXHIBIDORA MEXICANA CINEPOLIS,11 a 30 personas,CALLE,IGNACIO ZARAGOZA,3,FRACCIONAMIENTO,CIUDAD LOPEZ MATEOS,52948,15,MÉXICO                      ,13,Atizapán de Zaragoza,1,Ciudad López Mateos                                                                                           ,1747,19.59228866,-99.26317369,2017-03
CINEPOLIS PERINORTE,EXHIBIDORA MEXICANA CINEPOLIS,11 a 30 personas,CALLE,HACIENDA DE SIERRA VIEJA,2,COLONIA,HACIENDA DEL PARQUE,54769,15,MÉXICO                      ,121,Cuautitlán Izcalli,1,Cuautitlán Izcalli                                                                                            ,1231,19.60122589,-99.19064123,2014-12
CINEPOLIS PLAZA ARAGÓN,EXHIBIDORA MEXICANA CINEPOLIS,51 a 100 personas,AVENIDA,CENTRAL (CARLOS HANK GONZÁLEZ),120,COLONIA,RINCONADA DE ARAGÓN,55140,15,MÉXICO                      ,33,Ecatepec de Morelos,1,Ecatepec de Morelos                                                                                           ,1716,19.53237741,-99.02804712,2010-07
CINEPOLIS PLAZA BUGAMBILIAS,EXHIBIDORA MEXICANA CINEPOLIS,11 a 30 personas,CALLE,BENITO JUÁREZ,200,COLONIA,CENTRO,50740,15,MÉXICO                      ,42,Ixtlahuaca,1,Ixtlahuaca de Rayón                                                                                           ,312,19.56662945,-99.76570736,2023-11
CINEPOLIS PLAZA CAÑADA,CINEPOLIS DE MEXICO,0 a 5 personas,CALLE,TULA JOROBAS,1,COLONIA,SANTA TERESA I,52004,15,MÉXICO                      ,35,Huehuetoca,27,Santa Teresa                                                                                                  ,267,19.84050762,-99.23972273,2026-04
CINEPOLIS PLAZA CAÑADA MEXICABLE,EXHIBIDORA MEXICANA CINEPOLIS,11 a 30 personas,AVENIDA,FUENTES DE SATELITE (SAN ANDRES),130,COLONIA,EL MIRADOR,55517,15,MÉXICO                      ,104,Tlalnepantla de Baz,1,Tlalnepantla                                                                                                  ,711,19.51903632,-99.24662202,2023-11
CINEPOLIS PLAZA CENTELLA CUAUTITLÁN,EXHIBIDORA MEXICANA CINEPOLIS,31 a 50 personas,CARRETERA,A TULTEPEC,1,COLONIA,SAN JUAN CUAUTITLÁN,54800,15,MÉXICO                      ,24,Cuautitlán,1,Cuautitlán                                                                                                    ,418,19.67897921,-99.14664431,2014-12
CINEPOLIS PLAZA CHIMALHUACÁN,EXHIBIDORA MEXICANA CINEPOLIS,31 a 50 personas,AVENIDA,NEZAHUALCÓYOTL,,COLONIA,SANTA MARÍA NATIVITAS,56335,15,MÉXICO                      ,31,Chimalhuacán,1,Chimalhuacán                                                                                                  ,1355,19.41052112,-98.92883455,2016-01
CINEPOLIS PLAZA MIA SANTIAGO TIANGUISTENCO,EXHIBIDORA MEXICANA CINEPOLIS,31 a 50 personas,AVENIDA,DON CATARINO GONZALEZ BENITEZ,806,COLONIA,LA TEJA,52607,15,MÉXICO                      ,101,Tianguistenco,1,Santiago Tianguistenco de Galeana                                                                             ,141,19.17824088,-99.47090779,2016-01
CINEPOLIS PLAZA SATÉLITE,EXHIBIDORA MEXICANA CINEPOLIS,51 a 100 personas,CIRCUITO,MANUEL ÁVILA CAMACHO,2251,COLONIA,CIUDAD SATELITE,53100,15,MÉXICO                      ,57,Naucalpan de Juárez,1,Naucalpan de Juárez                                                                                           ,121A,19.50956728,-99.23622064,2010-07
CINEPOLIS PLAZA TELMEX,EXHIBIDORA MEXICANA CINEPOLIS,51 a 100 personas,AVENIDA,BORDO DE XOCHIACA,0,COLONIA,CIUDAD JARDIN,57205,15,MÉXICO                      ,58,Nezahualcóyotl,1,Ciudad Nezahualcóyotl                                                                                         ,346,19.4229547,-99.02274129,2011-03
CINEPOLIS PUNTO ATIZAPÁN,EXHIBIDORA MEXICANA CINEPOLIS,11 a 30 personas,CALLE,RÍO SAN JAVIER,16,FRACCIONAMIENTO,EXHACIENDA DEL PEDREGAL I Y II,52916,15,MÉXICO                      ,13,Atizapán de Zaragoza,1,Ciudad López Mateos                                                                                           ,1037,19.56659026,-99.25021628,2020-04
CINEPOLIS RÍO DE LOS REMEDIOS,EXHIBIDORA MEXICANA CINEPOLIS,11 a 30 personas,AVENIDA,RÍO DE LOS REMEDIOS,5,COLONIA,SAN JUAN IXHUATEPEC,54180,15,MÉXICO                      ,104,Tlalnepantla de Baz,1,Tlalnepantla                                                                                                  ,1902,19.52058411,-99.11755244,2017-03
CINEPOLIS SAN MIGUEL IZCALLI,EXHIBIDORA MEXICANA CINEPOLIS,31 a 50 personas,AVENIDA,HUEHUETOCA,,COLONIA,EXHACIENDA SAN MIGUEL,54750,15,MÉXICO                      ,121,Cuautitlán Izcalli,1,Cuautitlán Izcalli                                                                                            ,2136,19.68752735,-99.21480928,2010-07
CINEPOLIS SENDERO ECATEPEC,EXHIBIDORA MEXICANA CINEPOLIS,31 a 50 personas,CARRETERA,LECHERIA TEXCOCO,0,COLONIA,SANTA CRUZ VENTA DE CARPIO,55064,15,MÉXICO                      ,33,Ecatepec de Morelos,1,Ecatepec de Morelos                                                                                           ,3464,19.62100772,-98.99670581,2010-07
CINEPOLIS SENDERO IXTAPALUCA,EXHIBIDORA MEXICANA CINEPOLIS,51 a 100 personas,CARRETERA,FEDERAL MÉXICO-CUAUTLA,1,COLONIA,SANTA BÁRBARA,56538,15,MÉXICO                      ,39,Ixtapaluca,1,Ixtapaluca                                                                                                    ,2281,19.29624814,-98.88248508,2010-07
CINEPOLIS SENDERO TOLUCA,EXHIBIDORA MEXICANA CINEPOLIS,31 a 50 personas,BOULEVARD,BOULEVARD MIGUEL ALEMÁN,55,ZONA INDUSTRIAL,EMILIANO ZAPATA,52000,15,MÉXICO                      ,51,Lerma,1,Lerma de Villada                                                                                              ,472,19.2893847,-99.55596093,2010-07
CINEPOLIS SENDERO VALLE DE CHALCO,EXHIBIDORA MEXICANA CINEPOLIS,51 a 100 personas,BOULEVARD,JUAN PABLO II (INGENIEROS),370,COLONIA,EL AGOSTADERO,56615,15,MÉXICO                      ,122,Valle de Chalco Solidaridad,1,Xico                                                                                                          ,391,19.30100524,-98.95202779,2013-07
CINEPOLIS SENTURA TLALNEPANTLA,EXHIBIDORA MEXICANA CINEPOLIS,11 a 30 personas,BOULEVARD,MANUEL ÁVILA CAMACHO (AUTOPISTA MÉXICO-QUERÉTARO),2610,COLONIA,VALLE DE LOS PINOS,54040,15,MÉXICO                      ,104,Tlalnepantla de Baz,1,Tlalnepantla                                                                                                  ,1809,19.53995885,-99.21498132,2019-04
CINEPOLIS TECAMAC,EXHIBIDORA MEXICANA CINEPOLIS,31 a 50 personas,CALLE,FEDERAL MÉXICO-PACHUCA KM 36+500,,COLONIA,HUEYOTENCO,55749,15,MÉXICO                      ,81,Tecámac,25,San Martín Azcatepec                                                                                          ,147,19.69909631,-98.98088058,2014-12
CINEPOLIS TENAYUCA,EXHIBIDORA MEXICANA CINEPOLIS,11 a 30 personas,AVENIDA,TLALNEPANTLA-TENAYUCA,25,COLONIA,SAN BARTOLO TENAYUCA,54150,15,MÉXICO                      ,104,Tlalnepantla de Baz,1,Tlalnepantla                                                                                                  ,590,19.53317771,-99.17261221,2019-11
CINEPOLIS TEZOZOMOC,EXHIBIDORA MEXICANA CINEPOLIS,11 a 30 personas,AVENIDA,TEZOZÓMOC,122,COLONIA,SAN MIGUEL XICO,56617,15,MÉXICO                      ,122,Valle de Chalco Solidaridad,1,Xico                                                                                                          ,71,19.27672877,-98.93854246,2019-11
CINEPOLIS TOWN CENTER NICOLÁS ROMERO,EXHIBIDORA MEXICANA CINEPOLIS,31 a 50 personas,BOULEVARD,ARTURO MONTIEL ROJAS KM 10+700,0,AMPLIACION,VISTA HERMOSA NICOLÁS ROMERO,54414,15,MÉXICO                      ,60,Nicolás Romero,1,Ciudad Nicolás Romero                                                                                         ,058A,19.62963369,-99.2931711,2014-12
CINEPOLIS TOWN CENTER ZUMPANGO,EXHIBIDORA MEXICANA CINEPOLIS,31 a 50 personas,CARRETERA,NINGUNO,0,COLONIA,PASEOS DEL LAGO,55635,15,MÉXICO                      ,120,Zumpango,7,Paseos del Lago [Fraccionamiento]                                                                             ,787,19.78832037,-99.05490297,2011-03
CINEPOLIS VIP COSMOPOL,EXHIBIDORA MEXICANA CINEPOLIS,31 a 50 personas,AVENIDA,VIA JOSE LOPEZ PORTILLO,1,COLONIA,BOSQUE DEL VALLE 1A SECCIÓN,55700,15,MÉXICO                      ,20,Coacalco de Berriozábal,1,San Francisco Coacalco                                                                                        ,739,19.63115018,-99.12436109,2020-04
CINEPOLIS VIP ECATEPEC,EXHIBIDORA MEXICANA CINEPOLIS,31 a 50 personas,AVENIDA,CENTRAL (SIERVO DE LA NACIÓN),,COLONIA,LAS AMÉRICAS,55075,15,MÉXICO                      ,33,Ecatepec de Morelos,1,Ecatepec de Morelos                                                                                           ,4941,19.58459654,-99.02526657,2026-04
CINEPOLIS VIP GALERÍAS ATIZAPÁN,EXHIBIDORA MEXICANA CINEPOLIS,31 a 50 personas,CALLE,ADOLFO RUIZ CORTINES,255,COLONIA,LOMAS DE ATIZAPÁN,52977,15,MÉXICO                      ,13,Atizapán de Zaragoza,1,Ciudad López Mateos                                                                                           ,1268,19.55092135,-99.27265177,2023-11
CINEPOLIS VIP GALERÍAS METEPEC,EXHIBIDORA MEXICANA CINEPOLIS,31 a 50 personas,CALLE,BOULEVARD JOSÉ MARÍA PINO SUÁREZ,400,COLONIA,BARRIO COAXUSTENCO,52140,15,MÉXICO                      ,54,Metepec,1,Metepec                                                                                                       ,332,19.25873973,-99.62061733,2010-07
CINEPOLIS VIP GALERÍAS TOLUCA,EXHIBIDORA MEXICANA CINEPOLIS,31 a 50 personas,CALLE,PRIMERO DE MAYO,700,COLONIA,SANTA ANA TLAPALTITLÁN,50160,15,MÉXICO                      ,106,Toluca,86,Santa Ana Tlapaltitlán                                                                                        ,4225,19.29117906,-99.62166437,2019-11
CINEPOLIS VIP INTERLOMAS,EXHIBIDORA MEXICANA CINEPOLIS,11 a 30 personas,BOULEVARD,INTERLOMAS,5,COLONIA,LOMAS DE ANÁHUAC,52760,15,MÉXICO                      ,37,Huixquilucan,71,Naucalpan de Juárez                                                                                           ,98,19.40242129,-99.2739806,2020-04
CINEPOLIS VIP LA CÚSPIDE,EXHIBIDORA MEXICANA CINEPOLIS,31 a 50 personas,CIRCUITO,LOMAS VERDES,1200,COLONIA,LOMAS VERDES 5TA SECCIÓN,53126,15,MÉXICO                      ,57,Naucalpan de Juárez,1,Naucalpan de Juárez                                                                                           ,2612,19.5136617,-99.26843149,2024-05
CINEPOLIS VIP PARQUE TOREO (MIXTO),EXHIBIDORA MEXICANA CINEPOLIS,31 a 50 personas,BOULEVARD,INGENIEROS MILITARES,5,COLONIA,LOMAS DE SOTELO,53390,15,MÉXICO                      ,57,Naucalpan de Juárez,1,Naucalpan de Juárez                                                                                           ,368,19.45319959,-99.21896362,2017-03
CINEPOLIS VIP PASEO INTERLOMAS,EXHIBIDORA MEXICANA CINEPOLIS,31 a 50 personas,AVENIDA,ENTRONQUE INTERLOMAS,6,COLONIA,CONJUNTO URBANO GREEN HOUSE,52764,15,MÉXICO                      ,37,Huixquilucan,71,Naucalpan de Juárez                                                                                           ,558,19.39730987,-99.28354668,2020-04
CINEPOLIS VIP PLAZA SATÉLITE,EXHIBIDORA MEXICANA CINEPOLIS,51 a 100 personas,BOULEVARD,MANUEL ÁVILA CAMACHO,2251,COLONIA,CIUDAD SATELITE,53100,15,MÉXICO                      ,57,Naucalpan de Juárez,1,Naucalpan de Juárez                                                                                           ,121A,19.50956728,-99.23622064,2017-03
CINEPOLIS VIP SENTURA TLALNEPANTLA,EXHIBIDORA MEXICANA CINEPOLIS,31 a 50 personas,BOULEVARD,MANUEL ÁVILA CAMACHO (AUTOPISTA MÉXICO-QUERÉTARO),2610,COLONIA,VALLE DE LOS PINOS,54040,15,MÉXICO                      ,104,Tlalnepantla de Baz,1,Tlalnepantla                                                                                                  ,1809,19.53995885,-99.21498132,2020-04
CINEPOLIS ZENTRALIA COACALCO,EXHIBIDORA MEXICANA CINEPOLIS,11 a 30 personas,AVENIDA,VÍA JOSÉ LÓPEZ PORTILLO,145,COLONIA,SANTA MARÍA MAGDALENA,55175,15,MÉXICO                      ,20,Coacalco de Berriozábal,1,San Francisco Coacalco                                                                                        ,175,19.63130687,-99.08963126,2010-07
CINEPOLIS ZINACANTEPEC,EXHIBIDORA MEXICANA CINEPOLIS,11 a 30 personas,AVENIDA,16 DE SEPTIEMBRE,351,BARRIO,BARRIO SAN MIGUEL ZINACANTEPEC MEX,51350,15,MÉXICO                      ,118,Zinacantepec,1,San Miguel Zinacantepec                                                                                       ,134,19.2924204,-99.73366234,2010-07
CINESTAR LERMA,INDUSTRIAS KOTY,6 a 10 personas,AMPLIACION,NINGUNO,,COLONIA,CEDROS,52004,15,MÉXICO                      ,51,Lerma,86,Colonia los Cedros                                                                                            ,487,19.31747947,-99.53003626,2024-11
CINETOP ECATEPEC,XXTRACINEMAS,11 a 30 personas,CALLE,VIA JOSE MARIA MORELOS,351,COLONIA,CERRO GORDO,55420,15,MÉXICO                      ,33,Ecatepec de Morelos,1,Ecatepec de Morelos                                                                                           ,046A,19.55476146,-99.05082517,2019-11
COFFE TREE,EXHIBIDORA MEXICANA CINEPOLIS,0 a 5 personas,CALLE,VIA JOSE LOPEZ PORTILLO,1,COLONIA,BOSQUES DEL VALLE,55717,15,MÉXICO                      ,20,Coacalco de Berriozábal,1,San Francisco Coacalco                                                                                        ,739,19.63114252,-99.1243651,2020-11
DEJA VU 5D,ARMANDO BOLAÑOS,0 a 5 personas,CALLE,VALLE DE OAXACA,73,COLONIA,VALLE DE ARAGON 2 SECCION,57100,15,MÉXICO                      ,58,Nezahualcóyotl,1,Ciudad Nezahualcóyotl                                                                                         ,79,19.48791663,-99.0455594,2019-11
LA DULCERIA DEL CINE SPLASH,CESAR ,0 a 5 personas,CALLE,AVENIDA PANTITLAN,379,COLONIA,EVOLUCION,57700,15,MÉXICO                      ,58,Nezahualcóyotl,1,Ciudad Nezahualcóyotl                                                                                         ,971,19.39610795,-99.02075939,2024-11
TIPICINEMA LA BICI DE CLETA,,0 a 5 personas,CALLE,DE LA LUZ,,LOCALIDAD,ATLATONGO,55834,15,MÉXICO                      ,92,Teotihuacán,2,Atlatongo                                                                                                     ,32,19.66753909,-98.90786609,2024-11
126 CINEMEX LA PIEDAD TRADICIONAL,OPERADORA DE CINEMAS,11 a 30 personas,BOULEVARD,LÁZARO CÁRDENAS,3001,COLONIA,LAZARO CARDENAS,59374,16,MICHOACÁN DE OCAMPO       ,69,La Piedad,1,La Piedad de Cabadas                                                                                          ,556,20.35516887,-102.0569741,2019-11
13 CINEMEX ANDADOR MORELIA TRADICIONAL,OPERADORA DE CINEMAS,11 a 30 personas,AVENIDA,PASEO DE LA REPUBLICA,853,SECTOR,INDEPENDENCIA,58050,16,MICHOACÁN DE OCAMPO       ,53,Morelia,1,Morelia                                                                                                       ,2586,19.67334241,-101.2120041,2019-11
135 CINEMEX LAZARO CARDENAS TRADICIONAL,OPERADORA DE CINEMAS,11 a 30 personas,AVENIDA,TULIPANES,548,COLONIA,UNIDAD 74,60950,16,MICHOACÁN DE OCAMPO       ,52,Lázaro Cárdenas,1,Ciudad Lázaro Cárdenas                                                                                        ,1557,17.96934801,-102.2121548,2010-07
165 CINEMEX MORELIA II TRADICIONAL,OPERADORA DE CINEMAS,11 a 30 personas,CIRCUITO,PERIFÉRICO PASEO DE LA REPÚBLICA (SECTOR REPÚBLICA),3380,COLONIA,QUINCEO,58115,16,MICHOACÁN DE OCAMPO       ,53,Morelia,1,Morelia                                                                                                       ,3052,19.7272214,-101.2228216,2014-12
166 CINEMEX MORELIA PLATINO,OPERADORA DE CINEMAS,11 a 30 personas,AVENIDA,MONTAÑA MONARCA,1000,COLONIA,JESUS DEL MONTE,58350,16,MICHOACÁN DE OCAMPO       ,53,Morelia,1,Morelia                                                                                                       ,5453,19.67243532,-101.1624887,2013-07
167 CINEMEX MORELIA TRADICIONAL,OPERADORA DE CINEMAS,11 a 30 personas,AVENIDA,MONTAÑA MONARCA,1000,COLONIA,JESUS DEL MONTE,58297,16,MICHOACÁN DE OCAMPO       ,53,Morelia,1,Morelia                                                                                                       ,5453,19.67243532,-101.1624887,2025-04
307 CINEMEX ZAMORA TRADICIONAL,OPERADORA DE CINEMAS,11 a 30 personas,AVENIDA,FRANCISCO I MADERO SUR,2001,COLONIA,BUGAMBILIAS,59680,16,MICHOACÁN DE OCAMPO       ,108,Zamora,1,Zamora de Hidalgo                                                                                             ,471,19.97370022,-102.2939662,2014-12
CINE ARCADIA,,0 a 5 personas,CALLE,EDUARDO RUIZ,671,COLONIA,CENTRO,58000,16,MICHOACÁN DE OCAMPO       ,53,Morelia,1,Morelia                                                                                                       ,2533,19.70550551,-101.1977489,2010-07
CINE MADERO,,0 a 5 personas,AVENIDA,FRANCISCO I MADERO SUR,33,COLONIA,CENTRO,59600,16,MICHOACÁN DE OCAMPO       ,108,Zamora,1,Zamora de Hidalgo                                                                                             ,147,19.98782919,-102.2857881,2010-07
CINE MAS LOS REYES,EXHIBICION ALTERNATIVA,6 a 10 personas,CALLE,ALLENDE NORTE,20,COLONIA,CALLE,60300,16,MICHOACÁN DE OCAMPO       ,75,Los Reyes,1,Los Reyes de Salgado                                                                                          ,93,19.59055009,-102.4722957,2016-10
CINEPOLIS CENTRO COMERCIAL PLAZA SAHUAYO,EXHIBIDORA MEXICANA CINEPOLIS,11 a 30 personas,BOULEVARD,LAZARO CARDENAS SUR,1190,FRACCIONAMIENTO,NORIA DE MONTES,59034,16,MICHOACÁN DE OCAMPO       ,76,Sahuayo,1,Sahuayo de Morelos                                                                                            ,137,20.04439882,-102.7167432,2010-07
CINEPOLIS CORPORATIVO MORELIA,EXHIBIDORA MEXICANA CINEPOLIS,251 y más personas,AVENIDA,CUMBRE DE LAS NACIONES,1200,FRACCIONAMIENTO,TRES MARÍAS,58254,16,MICHOACÁN DE OCAMPO       ,53,Morelia,283,Villa Karla                                                                                                   ,77,19.7144091,-101.11825,2014-12
CINEPOLIS EL PRADO MORELIA,EXHIBIDORA MEXICANA CINEPOLIS,11 a 30 personas,CARRETERA,MORELIA A ZINAPÉCUARO,200,COLONIA,EL PRADO,58880,16,MICHOACÁN DE OCAMPO       ,88,Tarímbaro,179,El Prado [Fraccionamiento]                                                                                    ,34,19.77738761,-101.1289525,2016-01
CINEPOLIS GALERÍAS DEL RÍO LA PIEDAD,EXHIBIDORA MEXICANA CINEPOLIS,11 a 30 personas,BOULEVARD,JUAN PABLO II,901,COLONIA,MÉXICO,59340,16,MICHOACÁN DE OCAMPO       ,69,La Piedad,1,La Piedad de Cabadas                                                                                          ,397,20.35285375,-102.0249007,2014-12
CINEPOLIS GRAN PLAZA LOS SOLES ZITÁCUARO,EXHIBIDORA MEXICANA CINEPOLIS,31 a 50 personas,AVENIDA,REVOLUCIÓN SUR,272,COLONIA,POETAS,61507,16,MICHOACÁN DE OCAMPO       ,112,Zitácuaro,1,Heróica Zitácuaro                                                                                             ,192,19.42907866,-100.348561,2025-04
CINEPOLIS LA HUERTA,EXHIBIDORA MEXICANA CINEPOLIS,51 a 100 personas,CALZADA,LA HUERTA,3000,COLONIA,EXHACIENDA LA HUERTA,58080,16,MICHOACÁN DE OCAMPO       ,53,Morelia,1,Morelia                                                                                                       ,2069,19.68033441,-101.2188946,2010-07
CINEPOLIS LAS AMERICAS MORELIA,EXHIBIDORA MEXICANA CINEPOLIS,51 a 100 personas,AVENIDA,ENRIQUE RAMÍREZ MIGUEL,1000,COLONIA,LAS AMÉRICAS,58270,16,MICHOACÁN DE OCAMPO       ,53,Morelia,1,Morelia                                                                                                       ,999,19.68849138,-101.1590914,2020-04
CINEPOLIS MC LAS AMÉRICAS LÁZARO CÁRDENAS,EXHIBIDORA MEXICANA CINEPOLIS,51 a 100 personas,AVENIDA,LAS PALMAS,1559,COLONIA,EL PALMAR,60950,16,MICHOACÁN DE OCAMPO       ,52,Lázaro Cárdenas,1,Ciudad Lázaro Cárdenas                                                                                        ,1449,17.9783733,-102.21154,2014-12
CINEPOLIS MORELIA CENTRO,EXHIBIDORA MEXICANA CINEPOLIS,31 a 50 personas,CALLE,SANTIAGO TAPIA,444,COLONIA,CENTRO,58000,16,MICHOACÁN DE OCAMPO       ,53,Morelia,1,Morelia                                                                                                       ,293,19.7048397,-101.1958051,2010-07
CINEPOLIS MORELIA RIO,EXHIBIDORA MEXICANA CINEPOLIS,11 a 30 personas,AVENIDA,SOLIDARIDAD,350,COLONIA,FÉLIX IRETA,58070,16,MICHOACÁN DE OCAMPO       ,53,Morelia,1,Morelia                                                                                                       ,193A,19.68941475,-101.1860447,2019-04
CINEPOLIS PLAZA ANA,EXHIBIDORA MEXICANA CINEPOLIS,31 a 50 personas,AVENIDA,FRANCISCO I. MADERO SUR,1900,COLONIA,LA LUNETA,59680,16,MICHOACÁN DE OCAMPO       ,108,Zamora,1,Zamora de Hidalgo                                                                                             ,1126,19.97350581,-102.2949125,2010-07
CINEPOLIS PLAZA MORELIA,EXHIBIDORA MEXICANA CINEPOLIS,51 a 100 personas,PERIFERICO,PASEO DE LA REPÚBLICA (SECTOR NUEVA ESPAÑA) (AVENIDA CAMELINAS),5030,COLONIA,JARDINES DEL RINCÓN,58290,16,MICHOACÁN DE OCAMPO       ,53,Morelia,1,Morelia                                                                                                       ,1978,19.68855709,-101.1518145,2010-07
CINEPOLIS PLAZA PASEO AKIA APATZINGÁN,EXHIBIDORA MEXICANA CINEPOLIS,31 a 50 personas,AVENIDA,JOSÉ MARÍA MORELOS PONIENTE,2171,COLONIA,LA TAMARINDERA,60667,16,MICHOACÁN DE OCAMPO       ,6,Apatzingán,497,El Capiral Dos                                                                                                ,556,19.08920756,-102.3748927,2023-11
CINEPOLIS PLAZA PASEO PONIENTE (TACÍCUARO),EXHIBIDORA MEXICANA CINEPOLIS,11 a 30 personas,AVENIDA,FRANCISCO I. MADRO PONIENTE,11160,COLONIA,VILLAS DE LA LOMA II,58336,16,MICHOACÁN DE OCAMPO       ,53,Morelia,1,Morelia                                                                                                       ,3828,19.68950602,-101.2885404,2026-04
CINEPOLIS PLAZA PÁTZCUARO,EXHIBIDORA MEXICANA CINEPOLIS,11 a 30 personas,AVENIDA,GENERAL IGNACIO ZARAGOZA,87,COLONIA,EL CALVARIO,61607,16,MICHOACÁN DE OCAMPO       ,66,Pátzcuaro,1,Pátzcuaro                                                                                                     ,431,19.51341758,-101.6189222,2023-11
CINEPOLIS PLAZA SAN FRANCISCO,EXHIBIDORA MEXICANA CINEPOLIS,31 a 50 personas,AVENIDA,MORELOS ORIENTE,149,COLONIA,EL CALICANTO,61100,16,MICHOACÁN DE OCAMPO       ,34,Hidalgo,1,Ciudad Hidalgo                                                                                                ,283,19.68499701,-100.547728,2014-12
CINEPOLIS SENTURA ZAMORA,EXHIBIDORA MEXICANA CINEPOLIS,11 a 30 personas,CARRETERA,ZAMORA A LA BARCA,,COLONIA,ATECUARIO,59720,16,MICHOACÁN DE OCAMPO       ,108,Zamora,131,Rancho de Don Trino                                                                                           ,77,20.02810419,-102.2782417,2017-03
CINEPOLIS URUAPAN,EXHIBIDORA MEXICANA CINEPOLIS,51 a 100 personas,BOULEVARD,INDUSTRIAL,1241,COLONIA,VILLA URUAPAN,60120,16,MICHOACÁN DE OCAMPO       ,102,Uruapan,1,Uruapan                                                                                                       ,590,19.42228414,-102.0377298,2011-03
CINEPOLIS URUAPAN PLAZA 500,EXHIBIDORA MEXICANA CINEPOLIS,11 a 30 personas,BOULEVARD,INDUSTRIAL,2199,COLONIA,LA COFRADÍA,60125,16,MICHOACÁN DE OCAMPO       ,102,Uruapan,1,Uruapan                                                                                                       ,459,19.42656908,-102.0252367,2026-04
CINEPOLIS VIP LAS AMERICAS MORELIA,EXHIBIDORA MEXICANA CINEPOLIS,31 a 50 personas,AVENIDA,ENRIQUE RAMÍREZ MIGUEL,1000,COLONIA,LAS AMÉRICAS,58270,16,MICHOACÁN DE OCAMPO       ,53,Morelia,1,Morelia                                                                                                       ,999,19.68965554,-101.1592386,2010-07
204 CINEMEX PLAZA BUGAMBILIA PLATINO,OPERADORA DE CINEMAS,11 a 30 personas,CALLE,RÍO BALSAS,,COLONIA,LOMAS DE LA SELVA,62290,17,MORELOS,7,Cuernavaca,1,Cuernavaca                                                                                                    ,223,18.93278553,-99.228695,2019-11
205 CINEMEX PLAZA BUGAMBILIA TRADICIONAL,OPERADORA DE CINEMAS,11 a 30 personas,CALLE,RIO BALSAS,,COLONIA,LOMAS DE LA SELVA,62290,17,MORELOS,7,Cuernavaca,1,Cuernavaca                                                                                                    ,223,18.93299131,-99.22839727,2026-04
42 CINEMEX CIBELES TRADICIONAL,OPERADORA DE CINEMAS,31 a 50 personas,BOULEVARD,PASEO CUAUHNÁHUAC,1932,COLONIA,TLAHUAPAN,62550,17,MORELOS,11,Jiutepec,1,Jiutepec                                                                                                      ,1173,18.90441835,-99.17641363,2010-07
57 CINEMEX CUAUTLA TRADICIONAL,OPERADORA DE CINEMAS,31 a 50 personas,CALLE,CARRETERA FEDERAL MÉXICO-CUAUTLA,,COLONIA,EJIDO TETELCINGO,62757,17,MORELOS,6,Cuautla,78,Tierra Larga                                                                                                  ,118,18.86750285,-98.95167419,2014-12
84 CINEMEX FORUM CUERNAVACA TRADICIONAL,OPERADORA DE CINEMAS,31 a 50 personas,CALLE,JACARANDAS,103,COLONIA,FLORES MAGÓN PRIMER FRACCIONAMIENTO,62370,17,MORELOS,7,Cuernavaca,1,Cuernavaca                                                                                                    ,126A,18.92354122,-99.1983585,2019-11
CINE CINE DOT,INTERBAKER,11 a 30 personas,BOULEVARD,PASEO CUAUHNAHUAC,1,COLONIA,FLORES MAGÓN PRIMER FRACCIONAMIENTO,62370,17,MORELOS,7,Cuernavaca,1,Cuernavaca                                                                                                    ,126A,18.92058769,-99.19854848,2025-04
CINE PREMIER,,6 a 10 personas,AVENIDA,PLAN DE AYALA,999,COLONIA,CUAUHNÁHUAC,62430,17,MORELOS,7,Cuernavaca,1,Cuernavaca                                                                                                    ,308,18.92355632,-99.21008315,2010-07
CINEPOLIS AVERANDA,EXHIBIDORA MEXICANA CINEPOLIS,11 a 30 personas,CARRETERA,AUTOPISTA MÉXICO A CUERNAVACA KM 87+500,0,COLONIA,RICARDO FLORES MAGÓN,62370,17,MORELOS,7,Cuernavaca,1,Cuernavaca                                                                                                    ,609,18.93445465,-99.19721021,2017-03
CINEPOLIS CUAUTLA,EXHIBIDORA MEXICANA CINEPOLIS,31 a 50 personas,CARRETERA,ANTIGUA MÉXICO A CUAUTLA,6,COLONIA,EMPLEADO POSTAL,62748,17,MORELOS,6,Cuautla,1,Cuautla                                                                                                       ,743,18.8474362,-98.93648714,2010-07
CINEPOLIS CUERNAVACA,EXHIBIDORA MEXICANA CINEPOLIS,31 a 50 personas,CARRETERA,AUTOPISTA MÉXICO A ACAPULCO KM 87+500,0,COLONIA,RICARDO FLORES MAGÓN,62370,17,MORELOS,7,Cuernavaca,1,Cuernavaca                                                                                                    ,609,18.93711832,-99.19245025,2020-04
CINEPOLIS JOJUTLA,EXHIBIDORA MEXICANA CINEPOLIS,11 a 30 personas,AVENIDA,UNIVERSIDAD (CARRETERA CUERNAVACA-JOJUTLA),90,COLONIA,CENTRO,62900,17,MORELOS,12,Jojutla,1,Jojutla                                                                                                       ,365,18.61771641,-99.19096346,2014-12
CINEPOLIS LOS CEDROS JIUTEPEC,EXHIBIDORA MEXICANA CINEPOLIS,11 a 30 personas,AVENIDA,EJE NORTE-SUR,2,COLONIA,CIVAC,62578,17,MORELOS,11,Jiutepec,1,Jiutepec                                                                                                      ,669,18.91211495,-99.18000299,2014-12
CINEPOLIS PLAZA EMILIANO ZAPATA,EXHIBIDORA MEXICANA CINEPOLIS,31 a 50 personas,CARRETERA,ZAPATA A TEZOYUCA,44,COLONIA,CAMPO NUEVO,62766,17,MORELOS,8,Emiliano Zapata,1,Emiliano Zapata                                                                                               ,146,18.83187554,-99.18690556,2014-12
CINEPOLIS PORTAL D10,EXHIBIDORA MEXICANA CINEPOLIS,31 a 50 personas,AVENIDA,DOMINGO DIEZ,1203,COLONIA,LOMAS DE LA SELVA,62270,17,MORELOS,7,Cuernavaca,1,Cuernavaca                                                                                                    ,005A,18.95544872,-99.23687427,2010-07
CINEPOLIS TEMIXCO,EXHIBIDORA MEXICANA CINEPOLIS,11 a 30 personas,BOULEVARD,NINGUNO,145,COLONIA,CENTRO,62586,17,MORELOS,18,Temixco,51,Campo el Rayo (Acatlipa)                                                                                      ,034A,18.83391168,-99.2254348,2018-03
CINEPOLIS VIP CUERNAVACA,EXHIBIDORA MEXICANA CINEPOLIS,31 a 50 personas,CARRETERA,AUTOPISTA MÉXICO A ACAPULCO KM 87+500,0,COLONIA,RICARDO FLORES MAGÓN,62370,17,MORELOS,7,Cuernavaca,1,Cuernavaca                                                                                                    ,609,18.93704333,-99.1925797,2017-03
DV CINEMA LAS PLAZAS,DV CINEMA LAS PLAZAS,11 a 30 personas,CALLE,Gutemberg,3,COLONIA,CENTRO,62000,17,MORELOS,7,Cuernavaca,1,Cuernavaca                                                                                                    ,257,18.92222384,-99.23393569,2016-01
281 CINEMEX TEPIC TRADICIONAL,OPERADORA DE CINEMAS,31 a 50 personas,AVENIDA,AVENIDA DE LOS INSURGENTES ORIENTE,368,COLONIA,CAPITÁN OROZCO ORTEGA,63000,18,NAYARIT,17,Tepic,1,Tepic                                                                                                         ,328,21.49746982,-104.8849984,2014-12
86 CINEMEX FORUM TEPIC PLATINO,OPERADORA DE CINEMAS,11 a 30 personas,BOULEVARD,LUIS DONALDO COLOSIO,680,COLONIA,BENITO JUAREZ ORIENTE,63175,18,NAYARIT,17,Tepic,1,Tepic                                                                                                         ,2057,21.49308411,-104.8652895,2011-03
87 CINEMEX FORUM TEPIC TRADICIONAL,OPERADORA DE CINEMAS,31 a 50 personas,BOULEVARD,LUIS DONALDO COLOSIO,680,COLONIA,BENITO JUAREZ ORIENTE,63175,18,NAYARIT,17,Tepic,1,Tepic                                                                                                         ,2057,21.49308411,-104.8652895,2025-04
CINEMA STIC,SECCION 25 DEL STIC,0 a 5 personas,CALLE,EMILIANO ZAPATA ORIENTE,135,COLONIA,CENTRO,63000,18,NAYARIT,17,Tepic,1,Tepic                                                                                                         ,1186,21.5090521,-104.8896408,2014-12
CINEMAC,,6 a 10 personas,CALLE,MIGUEL HIDALGO,129,COLONIA,CENTRO,63950,18,NAYARIT,6,Ixtlán del Río,1,Ixtlán del Río                                                                                                ,57,21.03471914,-104.366672,2019-11
CINEMAS GUAYABITOS,,6 a 10 personas,AVENIDA,SOL NUEVO,,LOCALIDAD,RINCÓN DE GUAYABITOS,63724,18,NAYARIT,4,Compostela,154,Rincón de Guayabitos                                                                                          ,90,21.02348181,-105.2687577,2019-11
CINEPOLIS DE MEXICO,CINEPOLIS DE MEXICO,11 a 30 personas,CALLE,LAZARO CARDENAS,340,LOCALIDAD,SAN VICENTE,63737,18,NAYARIT,20,Bahía de Banderas,88,San Vicente                                                                                                   ,681,20.74553954,-105.255286,2019-11
CINEPOLIS LAGO REAL,EXHIBIDORA MEXICANA CINEPOLIS,31 a 50 personas,CALLE,TEPIC,430,COLONIA,PLAZA LAGO REAL,63732,18,NAYARIT,20,Bahía de Banderas,53,Mezcales                                                                                                      ,906,20.7216074,-105.2789338,2014-12
CINEPOLIS PLAZA CANTERA (AGUAMILPA),EXHIBIDORA MEXICANA CINEPOLIS,11 a 30 personas,AVENIDA,AGUAMILPA,1060,COLONIA,JAZMINES,63173,18,NAYARIT,17,Tepic,1,Tepic                                                                                                         ,2131,21.48883334,-104.8327385,2016-01
CINEPOLIS PLAZA LAS PALMAS SAN VICENTE,EXHIBIDORA MEXICANA CINEPOLIS,11 a 30 personas,CALLE,LÁZARO CÁRDENAS (CARRETERA MEZCALES-SAN VICENTE),340,FRACCIONAMIENTO,SAN VICENTE,63737,18,NAYARIT,20,Bahía de Banderas,88,San Vicente                                                                                                   ,681,20.74584415,-105.2551556,2010-07
112 CINEMEX HUMBERTO LOBO PREMIUM,OPERADORA DE CINEMAS,11 a 30 personas,AVENIDA,HUMBERTO LOBO,540,COLONIA,ZONA LOS CALLEJONES,66220,19,NUEVO LEÓN   ,19,San Pedro Garza García,1,San Pedro Garza García                                                                                        ,488,25.66535187,-100.3811032,2014-12
131 CINEMEX LAS AMERICAS TRADICIONAL,OPERADORA DE CINEMAS,11 a 30 personas,AVENIDA,CONDUCTORES,120,COLONIA,VALLE LOS MORALES,66496,19,NUEVO LEÓN   ,46,San Nicolás de los Garza,1,San Nicolás de los Garza                                                                                      ,1619,25.71555255,-100.2502968,2014-12
138 CINEMEX LINCOLN POP,OPERADORA DE CINEMAS,11 a 30 personas,AVENIDA,BENITO JUAREZ (ABRAHAM LINCOLN),8000,BARRIO,CHAPULTEPEC SUR,64100,19,NUEVO LEÓN   ,39,Monterrey,1,Monterrey                                                                                                     ,4498,25.75953322,-100.4016501,2016-01
139 CINEMEX LINDAVISTA PREMIUM,OPERADORA DE CINEMAS,11 a 30 personas,AVENIDA,MIGUEL ALEMAN,5054,COLONIA,LIBERTAD,67130,19,NUEVO LEÓN   ,26,Guadalupe,1,Guadalupe                                                                                                     ,132A,25.691208,-100.2489563,2010-07
163 CINEMEX MOL CONCORDIA TRADICIONAL,OPERADORA DE CINEMAS,11 a 30 personas,CALLE,LA CONCORDIA,5000,COLONIA,ANTIGUA SANTA ROSA,66610,19,NUEVO LEÓN   ,6,Apodaca,1,Ciudad Apodaca                                                                                                ,2240,25.78412902,-100.2275146,2010-07
177 CINEMEX PABELLON M PREMIUM,OPERADORA DE CINEMAS,11 a 30 personas,AVENIDA,LICENCIADO BENITO JUÁREZ,,COLONIA,CENTRO,64000,19,NUEVO LEÓN   ,39,Monterrey,1,Monterrey                                                                                                     ,1686,25.6656281,-100.3160119,2016-10
191 CINEMEX PASEO SAN PEDRO PLATINO,OPERADORA DE CINEMAS,11 a 30 personas,AVENIDA,JOSÉ VASCONCELOS (AV DE LA CONCORDIA),402,COLONIA,ZONA VALLE CAMPESTRE,66231,19,NUEVO LEÓN   ,19,San Pedro Garza García,1,San Pedro Garza García                                                                                        ,242,25.65248634,-100.3590509,2010-07
201 CINEMEX PLAZA BELLA ANAHUAC PREMIUM,OPERADORA DE CINEMAS,31 a 50 personas,AVENIDA,SENDERO NORTE,1001,COLONIA,CERRADA DE ANÁHUAC RESIDENCIAL,66059,19,NUEVO LEÓN   ,21,General Escobedo,1,Ciudad General Escobedo                                                                                       ,1408,25.77024383,-100.2731108,2019-11
224 CINEMEX PLAZAS OUTLET TRADICIONAL,OPERADORA DE CINEMAS,11 a 30 personas,PROLONGACION,MANUEL L BARRAGÁN,220,COLONIA,EXHACIENDA EL CANADA GENERAL ESCOBEDO,66054,19,NUEVO LEÓN   ,21,General Escobedo,1,Ciudad General Escobedo                                                                                       ,325,25.7715427,-100.3045156,2010-07
247 CINEMEX SALINAS VICTORIA POP,OPERADORA DE CINEMAS,11 a 30 personas,BOULEVARD,LOS NOGALES,0,COLONIA,BOSQUES DE LOS NOGALES,65515,19,NUEVO LEÓN   ,45,Salinas Victoria,559,Bosques de los Nogales                                                                                        ,051A,25.89134928,-100.2612215,2019-11
263 CINEMEX SANTA CATARINA TRADICIONAL,OPERADORA DE CINEMAS,31 a 50 personas,CARRETERA,AV.  MANUEL ORDOÑEZ,1050,COLONIA,BOSQUES DEL PONIENTE,66370,19,NUEVO LEÓN   ,48,Santa Catarina,1,Ciudad Santa Catarina                                                                                         ,865,25.67448526,-100.4507859,2014-12
267 CINEMEX SERENA PLATINO,OPERADORA DE CINEMAS,11 a 30 personas,CARRETERA,NACIONAL,5000,COLONIA,VALLE ALTO,64986,19,NUEVO LEÓN   ,39,Monterrey,1,Monterrey                                                                                                     ,3023,25.57697645,-100.2474318,2019-11
268 CINEMEX SERENA PREMIUM,OPERADORA DE CINEMAS,11 a 30 personas,CARRETERA,NACIONAL,5000,COLONIA,VALLE ALTO,64986,19,NUEVO LEÓN   ,39,Monterrey,1,Monterrey                                                                                                     ,3023,25.57731285,-100.2478413,2010-07
274 CINEMEX SUN MALL TRADICIONAL,OPERADORA DE CINEMAS,31 a 50 personas,AVENIDA,PABLO LIVAS,7601,COLONIA,TRES CAMINOS,67190,19,NUEVO LEÓN   ,26,Guadalupe,1,Guadalupe                                                                                                     ,1635,25.65671754,-100.185061,2017-11
276 CINEMEX SUN MALL JUAREZ TRADICIONAL,OPERADORA DE CINEMAS,31 a 50 personas,CARRETERA,SEÑORA BERTHA PEÑA DE GONZÁLEZ,1800,COLONIA,PASEO DEL PRADO,67250,19,NUEVO LEÓN   ,31,Juárez,1,Ciudad Benito Juárez                                                                                          ,1048,25.64815974,-100.111409,2010-07
304 CINEMEX VIA CORDILLERA PLATINO,OPERADORA DE CINEMAS,11 a 30 personas,AVENIDA,ALFONSO REYES,10,COLONIA,CORDILLERA RESIDENCIAL FASE UNO,66196,19,NUEVO LEÓN   ,48,Santa Catarina,1,Ciudad Santa Catarina                                                                                         ,333,25.65788297,-100.4404831,2025-04
37 CINEMEX CENTRIKA TRADICIONAL,OPERADORA DE CINEMAS,11 a 30 personas,AVENIDA,VICENTE GUERRERO,2500,COLONIA,COL. DEL PRADO,64520,19,NUEVO LEÓN   ,39,Monterrey,1,Monterrey                                                                                                     ,989,25.70150353,-100.3099229,2017-11
51 CINEMEX CONTRY TRADICIONAL,OPERADORA DE CINEMAS,11 a 30 personas,AVENIDA,JOSE VASCONCELOS (ELOY CAVAZOS),2003,COLONIA,BOSQUES DE LA PASTORA,67176,19,NUEVO LEÓN   ,26,Guadalupe,1,Guadalupe                                                                                                     ,2169,25.66210925,-100.2513658,2010-07
74 CINEMEX ESCOBEDO TRADICIONAL,OPERADORA DE CINEMAS,11 a 30 personas,AVENIDA,LAS TORRES,201,COLONIA,VALLE DE GIRASOLES,66056,19,NUEVO LEÓN   ,21,General Escobedo,1,Ciudad General Escobedo                                                                                       ,823,25.78853785,-100.3192728,2014-12
77 CINEMEX FASHION DRIVE PLATINO,OPERADORA DE CINEMAS,11 a 30 personas,AVENIDA,LAZARO CARDENAS,222,COLONIA,REAL SAN AGUSTIN,66260,19,NUEVO LEÓN   ,19,San Pedro Garza García,1,San Pedro Garza García                                                                                        ,399,25.65360034,-100.3378294,2016-01
78 CINEMEX FASHION DRIVE PREMIUM,OPERADORA DE CINEMAS,11 a 30 personas,AVENIDA,DIEGO RIVERA,1000,COLONIA,ZONA SAN AGUSTÍN,66260,19,NUEVO LEÓN   ,19,San Pedro Garza García,1,San Pedro Garza García                                                                                        ,399,25.65110668,-100.3344228,2016-01
81 CINEMEX FIESTA ANAHUAC TRADICIONAL,OPERADORA DE CINEMAS,11 a 30 personas,AVENIDA,MANUEL L BARRAGÁN,236,RESIDENCIAL,ANÁHUAC,66457,19,NUEVO LEÓN   ,46,San Nicolás de los Garza,1,San Nicolás de los Garza                                                                                      ,049A,25.74344125,-100.3122168,2014-12
CINE ARACELY,,6 a 10 personas,CALLE,ISAAC GARZA,840,COLONIA,CENTRO,64000,19,NUEVO LEÓN   ,39,Monterrey,1,Monterrey                                                                                                     ,1493,25.68131212,-100.3210571,2010-07
CINE CHAPLIN,SINDICATO DE TRABAJADORES DE LA INDUSTRIA CINEMATOGRAFICA SIMILARES Y CONEXOS DE LA REPUBLICA MEXICANA,6 a 10 personas,CALLE,HEROES DEL 47,,COLONIA,CENTRO,64000,19,NUEVO LEÓN   ,39,Monterrey,1,Monterrey                                                                                                     ,1563,25.68111622,-100.2990964,2010-07
CINE COMETA,RICARDO GONZALEZ,0 a 5 personas,AVENIDA,FELIX URESTI GOMEZ,,COLONIA,REFORMA,64550,19,NUEVO LEÓN   ,39,Monterrey,1,Monterrey                                                                                                     ,993,25.69546053,-100.295273,2010-07
CINEMAS RALY,CINEMAS RALY,11 a 30 personas,AVENIDA,CRISTOBAL COLON,2901,COLONIA,MADERO,64550,19,NUEVO LEÓN   ,39,Monterrey,1,Monterrey                                                                                                     ,1385,25.68385729,-100.2854594,2010-07
CINEMEX,CINEMEX,11 a 30 personas,AVENIDA,LICENCIADO BENITO JUAREZ,1102,ZONA COMERCIAL,CENTRO,64000,19,NUEVO LEÓN   ,39,Monterrey,1,Monterrey                                                                                                     ,1686,25.66576644,-100.3159807,2020-11
CINEMEX SUN MALL,OPERADORA DE CINEMAS,11 a 30 personas,AVENIDA,PABLO LIVAS,7601,COLONIA,AGUA NUEVA,67190,19,NUEVO LEÓN   ,26,Guadalupe,1,Guadalupe                                                                                                     ,1635,25.65671059,-100.1850427,2021-05
CINEPLEX,CINEMAS DE OCCIDENTE,11 a 30 personas,CARRETERA,CARRETERA A REYNOSA,2301,COLONIA,29 DE JULIO,67190,19,NUEVO LEÓN   ,26,Guadalupe,1,Guadalupe                                                                                                     ,1103,25.66122186,-100.1512964,2025-04
CINEPOLIS ADANA LINCOLN,EXHIBIDORA MEXICANA CINEPOLIS,11 a 30 personas,AVENIDA,ABRAHAM LINCOLN,5254,COLONIA,SAN JORGE,64330,19,NUEVO LEÓN   ,39,Monterrey,1,Monterrey                                                                                                     ,4110,25.72825737,-100.3687705,2012-06
CINEPOLIS ALMENARES,EXHIBIDORA MEXICANA CINEPOLIS,11 a 30 personas,AVENIDA,SENDERO NORTE,200,COLONIA,EL CENTENARIO SEGUNDO SECTOR,66418,19,NUEVO LEÓN   ,46,San Nicolás de los Garza,1,San Nicolás de los Garza                                                                                      ,447,25.76898583,-100.2783461,2019-04
CINEPOLIS ALTEA HUINALÁ,EXHIBIDORA MEXICANA CINEPOLIS,11 a 30 personas,AVENIDA,MIGUEL ALEMÁN,100,COLONIA,LA NORIA,66640,19,NUEVO LEÓN   ,6,Apodaca,1,Ciudad Apodaca                                                                                                ,583,25.74709289,-100.2016667,2019-04
CINEPOLIS ALTEA LINARES,EXHIBIDORA MEXICANA CINEPOLIS,11 a 30 personas,AVENIDA,CARLOS GARCÍA RODRÍGUEZ,502,COLONIA,CENTRO,67700,19,NUEVO LEÓN   ,33,Linares,1,Linares                                                                                                       ,542,24.86563371,-99.56977193,2014-12
CINEPOLIS ARCADIA GUADALUPE (ELOY CAVAZOS),EXHIBIDORA MEXICANA CINEPOLIS,11 a 30 personas,AVENIDA,ELOY CAVAZOS,3301,COLONIA,CAMINO REAL,67170,19,NUEVO LEÓN   ,26,Guadalupe,1,Guadalupe                                                                                                     ,1993,25.65935863,-100.2275766,2020-11
CINEPOLIS CITADEL,EXHIBIDORA MEXICANA CINEPOLIS,31 a 50 personas,AVENIDA,RÓMULO GARZA,410,COLONIA,LA FE,66477,19,NUEVO LEÓN   ,46,San Nicolás de los Garza,1,San Nicolás de los Garza                                                                                      ,1110,25.72485286,-100.2166123,2010-07
CINEPOLIS CITADINA ESCOBEDO,EXHIBIDORA MEXICANA CINEPOLIS,11 a 30 personas,AVENIDA,LICENCIADO RAÚL SALINAS LOZANO,555,COLONIA,CORTIJO LOS AYALA,66072,19,NUEVO LEÓN   ,21,General Escobedo,1,Ciudad General Escobedo                                                                                       ,097A,25.79252988,-100.3291127,2020-11
CINEPOLIS CUMBRES (MONTERREY),EXHIBIDORA MEXICANA CINEPOLIS,51 a 100 personas,AVENIDA,HACIENDA DE PEÑUELAS,6771,COLONIA,CUMBRES LAS PALMAS,64340,19,NUEVO LEÓN   ,39,Monterrey,1,Monterrey                                                                                                     ,4248,25.73307362,-100.3978311,2010-07
CINEPOLIS ESFERA MONTERREY,EXHIBIDORA MEXICANA CINEPOLIS,31 a 50 personas,CARRETERA,CARR. NACIONAL,777,COLONIA,PASEO LA RIOJA,64989,19,NUEVO LEÓN   ,39,Monterrey,1,Monterrey                                                                                                     ,2985,25.57757838,-100.2474552,2020-04
CINEPOLIS GALERÍAS MONTERREY,EXHIBIDORA MEXICANA CINEPOLIS,31 a 50 personas,AVENIDA,INSURGENTES,2500,COLONIA,VISTA HERMOSA,64620,19,NUEVO LEÓN   ,39,Monterrey,1,Monterrey                                                                                                     ,1629,25.68143673,-100.3565014,2020-04
CINEPOLIS GALERÍAS VALLE ORIENTE,EXHIBIDORA MEXICANA CINEPOLIS,31 a 50 personas,AVENIDA,LAZARO CARDENAS,1000,COLONIA,VALLE DEL MIRADOR,64750,19,NUEVO LEÓN   ,39,Monterrey,1,Monterrey                                                                                                     ,2468,25.63874152,-100.3135809,2017-03
CINEPOLIS GARCÍA,EXHIBIDORA MEXICANA CINEPOLIS,11 a 30 personas,AVENIDA,HEBERTO CASTILLO MARTÍNEZ,1270,COLONIA,PRIVADAS DE LAS VILLAS PRIMERA ETAPA,66000,19,NUEVO LEÓN   ,18,García,1,García                                                                                                        ,423,25.790205,-100.5821151,2010-07
CINEPOLIS INTERPLAZA,EXHIBIDORA MEXICANA CINEPOLIS,11 a 30 personas,PEATONAL,JOSÉ MARÍA MORELOS Y PAVÓN,101,COLONIA,CENTRO,64000,19,NUEVO LEÓN   ,39,Monterrey,1,Monterrey                                                                                                     ,1741,25.66774789,-100.3154293,2010-07
CINEPOLIS LA PLAZOLETA,EXHIBIDORA MEXICANA CINEPOLIS,11 a 30 personas,CARRETERA,MONTERREY A ZUAZUA KM 3+500,,COLONIA,CENTRO,65550,19,NUEVO LEÓN   ,25,General Zuazua,294,Hacienda San Pedro                                                                                            ,056A,25.90842665,-100.1695808,2014-12
CINEPOLIS LA QUINTA,EXHIBIDORA MEXICANA CINEPOLIS,11 a 30 personas,AVENIDA,CABEZADA,1100,COLONIA,MIRASOL SEGUNDO SECTOR,64166,19,NUEVO LEÓN   ,39,Monterrey,1,Monterrey                                                                                                     ,4303,25.77573404,-100.3827427,2023-11
CINEPOLIS LAS AMÉRICAS (MONTERREY),EXHIBIDORA MEXICANA CINEPOLIS,31 a 50 personas,AVENIDA,EUGENIO GARZA SADA,3367,COLONIA,ALTA VISTA,64840,19,NUEVO LEÓN   ,39,Monterrey,1,Monterrey                                                                                                     ,210A,25.64363964,-100.287295,2010-07
CINEPOLIS LOS ÁNGELES,EXHIBIDORA MEXICANA CINEPOLIS,11 a 30 personas,AVENIDA,ROMULO GARZA,400,COLONIA,ANTIGUO CORRAL DE PIEDRA,64119,19,NUEVO LEÓN   ,46,San Nicolás de los Garza,1,San Nicolás de los Garza                                                                                      ,362,25.71124149,-100.2625905,2010-07
CINEPOLIS MC PLAZA CADEREYTA,EXHIBIDORA MEXICANA CINEPOLIS,11 a 30 personas,CALLE,20 DE NOVIEMBRE,1103,COLONIA,VALLES DE CADEREYTA,67480,19,NUEVO LEÓN   ,9,Cadereyta Jiménez,1,Cadereyta Jiménez                                                                                             ,621,25.57938889,-100.0029466,2014-12
CINEPOLIS NUEVO SUR,EXHIBIDORA MEXICANA CINEPOLIS,31 a 50 personas,AVENIDA,REVOLUCIÓN,2703,COLONIA,LADRILLERA,64830,19,NUEVO LEÓN   ,39,Monterrey,1,Monterrey                                                                                                     ,445A,25.65249892,-100.2765311,2020-04
CINEPOLIS PABLO LIVAS,EXHIBIDORA MEXICANA CINEPOLIS,31 a 50 personas,AVENIDA,PABLO LIVAS,1100,COLONIA,GUSTAVO DÍAZ ORDAZ,67197,19,NUEVO LEÓN   ,26,Guadalupe,1,Guadalupe                                                                                                     ,1599,25.66345275,-100.2042382,2010-07
CINEPOLIS PASEO FUNDADORES,EXHIBIDORA MEXICANA CINEPOLIS,11 a 30 personas,AVENIDA,SIMON BOLIVAR,1201,COLONIA,MENDIVIL,67550,19,NUEVO LEÓN   ,38,Montemorelos,1,Montemorelos                                                                                                  ,445,25.1905749,-99.81922565,2014-12
CINEPOLIS PASEO LA FE,EXHIBIDORA MEXICANA CINEPOLIS,31 a 50 personas,AVENIDA,CARRETERA MIGUEL ALEMAN,200,COLONIA,PASEO LA FEF,66470,19,NUEVO LEÓN   ,46,San Nicolás de los Garza,1,San Nicolás de los Garza                                                                                      ,790,25.71761102,-100.2180841,2020-04
CINEPOLIS PLAZA PESQUERÍA,EXHIBIDORA MEXICANA CINEPOLIS,11 a 30 personas,AVENIDA,CENTRAL,1402,COLONIA,COLINAS DEL AEROPUERTO,66655,19,NUEVO LEÓN   ,41,Pesquería,337,Colinas del Aeropuerto                                                                                        ,205,25.82128129,-100.107807,2020-11
CINEPOLIS PLAZA SANTIAGO,EXHIBIDORA MEXICANA CINEPOLIS,11 a 30 personas,CARRETERA,FEDERAL LIBRE 85 CIUDAD VÍCTORIA-MONTERREY (CARRETERA NACIONAL),209,COLONIA,SAN JAVIER ORIENTE,67310,19,NUEVO LEÓN   ,49,Santiago,1,Santiago                                                                                                      ,114,25.42511508,-100.148348,2025-04
CINEPOLIS PUNTO VALLE,EXHIBIDORA MEXICANA CINEPOLIS,31 a 50 personas,CALLE,RÍO MISSOURI,555,COLONIA,DEL VALLE,66220,19,NUEVO LEÓN   ,19,San Pedro Garza García,1,San Pedro Garza García                                                                                        ,98,25.65865944,-100.3549464,2020-11
CINEPOLIS SAN ROQUE,EXHIBIDORA MEXICANA CINEPOLIS,31 a 50 personas,AVENIDA,ELOY CAVAZOS,101,COLONIA,VALLE DE JUÁREZ,67289,19,NUEVO LEÓN   ,31,Juárez,249,Valle de Juárez                                                                                               ,35,25.64050999,-100.1551969,2010-07
CINEPOLIS SENDERO APODACA,EXHIBIDORA MEXICANA CINEPOLIS,31 a 50 personas,AVENIDA,LA CONCORDIA,0,COLONIA,EBANOS,66612,19,NUEVO LEÓN   ,6,Apodaca,1,Ciudad Apodaca                                                                                                ,2255,25.78387778,-100.2343201,2010-07
CINEPOLIS SENDERO LA FE,EXHIBIDORA MEXICANA CINEPOLIS,31 a 50 personas,AVENIDA,MIGUEL ALEMAN,789,ZONA INDUSTRIAL,CENTRO,66633,19,NUEVO LEÓN   ,6,Apodaca,1,Ciudad Apodaca                                                                                                ,969,25.7643557,-100.1924234,2016-01
CINEPOLIS SENDERO LINCOLN,EXHIBIDORA MEXICANA CINEPOLIS,51 a 100 personas,AVENIDA,ABRAHAM LINCOLN,4001,COLONIA,RESIDENCIAL PUERTA DE HIERRO AVENIDA LINCOLN 4001,64346,19,NUEVO LEÓN   ,39,Monterrey,1,Monterrey                                                                                                     ,5265,25.76392635,-100.4087507,2010-07
CINEPOLIS SENDERO MONTERREY,EXHIBIDORA MEXICANA CINEPOLIS,51 a 100 personas,AVENIDA,SENDERO DIVISORIO,130,COLONIA,VALLE DEL CANADÁ,66050,19,NUEVO LEÓN   ,21,General Escobedo,1,Ciudad General Escobedo                                                                                       ,325,25.76676298,-100.3020764,2010-07
CINEPOLIS SENDERO SANTA CATARINA,EXHIBIDORA MEXICANA CINEPOLIS,31 a 50 personas,CARRETERA,MONTERREY A SALTILLO,2601,PARQUE INDUSTRIAL,LA PERLA,66367,19,NUEVO LEÓN   ,48,Santa Catarina,1,Ciudad Santa Catarina                                                                                         ,112A,25.6865926,-100.4924786,2023-11
CINEPOLIS VALLE SOLEADO,EXHIBIDORA MEXICANA CINEPOLIS,31 a 50 personas,AVENIDA,ADOLFO RUIZ CORTINES,450,COLONIA,LA CONDESA,67114,19,NUEVO LEÓN   ,26,Guadalupe,1,Guadalupe                                                                                                     ,278A,25.70537291,-100.1623782,2011-03
CINEPOLIS VIP AVANTA GARDENS,EXHIBIDORA MEXICANA CINEPOLIS,31 a 50 personas,AVENIDA,JOSÉ VASCONCELOS,755,COLONIA,ZONA LOS SABINOS (PARCELACIÓN FAMILIAR),66220,19,NUEVO LEÓN   ,19,San Pedro Garza García,1,San Pedro Garza García                                                                                        ,492,25.65746205,-100.3900633,2016-01
CINEPOLIS VIP CUMBRES (MONTERREY),EXHIBIDORA MEXICANA CINEPOLIS,31 a 50 personas,AVENIDA,HACIENDA DE PEÑUELAS,6771,COLONIA,CUMBRES LAS PALMAS,64619,19,NUEVO LEÓN   ,39,Monterrey,1,Monterrey                                                                                                     ,4248,25.73307362,-100.3978311,2023-11
CINEPOLIS VIP ESFERA MONTERREY,EXHIBIDORA MEXICANA CINEPOLIS,31 a 50 personas,CARRETERA,CARR. NACIONAL,777,COLONIA,PASEO LA RIOJA,64989,19,NUEVO LEÓN   ,39,Monterrey,1,Monterrey                                                                                                     ,2985,25.57757838,-100.2474552,2017-03
CINEPOLIS VIP GALERÍAS MONTERREY,EXHIBIDORA MEXICANA CINEPOLIS,51 a 100 personas,AVENIDA,INSURGENTES,2500,COLONIA,VISTA HERMOSA,64620,19,NUEVO LEÓN   ,39,Monterrey,1,Monterrey                                                                                                     ,1629,25.68143673,-100.3565014,2010-07
CINEPOLIS VIP GALERÍAS VALLE ORIENTE,EXHIBIDORA MEXICANA CINEPOLIS,31 a 50 personas,AVENIDA,LAZARO CARDENAS,1000,COLONIA,VALLE DEL MIRADOR,64750,19,NUEVO LEÓN   ,39,Monterrey,1,Monterrey                                                                                                     ,2468,25.63874152,-100.3135809,2020-04
CINEPOLIS VIP NUEVO SUR,EXHIBIDORA MEXICANA CINEPOLIS,31 a 50 personas,AVENIDA,REVOLUCIÓN,2703,COLONIA,LADRILLERA,64830,19,NUEVO LEÓN   ,39,Monterrey,1,Monterrey                                                                                                     ,445A,25.65249892,-100.2765311,2017-03
CINEPOLIS VIP PASEO LA FE,EXHIBIDORA MEXICANA CINEPOLIS,31 a 50 personas,AVENIDA,CARRETERA MIGUEL ALEMAN,200,COLONIA,PASEO LA FEF,66470,19,NUEVO LEÓN   ,46,San Nicolás de los Garza,1,San Nicolás de los Garza                                                                                      ,790,25.71761102,-100.2180841,2023-11
CINEPOLIS VIP PUNTO VALLE,EXHIBIDORA MEXICANA CINEPOLIS,31 a 50 personas,CALLE,RIO MISSOURI,555,COLONIA,DEL VALLE,66220,19,NUEVO LEÓN   ,19,San Pedro Garza García,1,San Pedro Garza García                                                                                        ,98,25.65878341,-100.3553686,2020-11
ELITE CINEMAS,OPERADORA DE CINE SIKARA,31 a 50 personas,AVENIDA,PASEO DE LOS LEONES,1003,FRACCIONAMIENTO,CUMBRES MADEIRA,64349,19,NUEVO LEÓN   ,39,Monterrey,1,Monterrey                                                                                                     ,5496,25.74139545,-100.4092767,2024-11
EPIC CINEMA,CINEMAS PREMIUM,11 a 30 personas,AVENIDA,LAZARO CARDENAS,2400,COLONIA,ZONA SAN AGUSTÍN,66260,19,NUEVO LEÓN   ,19,San Pedro Garza García,1,San Pedro Garza García                                                                                        ,399,25.65089073,-100.3334201,2023-11
RIO CINEMAS CUAUHTEMOC,EXHIBIDORA DEL BRAVO,11 a 30 personas,CALLE,WASHINGTON,505,COLONIA,CENTRO,64000,19,NUEVO LEÓN   ,39,Monterrey,1,Monterrey                                                                                                     ,153A,25.67499038,-100.3187813,2010-07
RIO CINEMAS RIO 70,EXHIBIDORA DEL BRAVO,11 a 30 personas,CALLE,SERAFÍN PEÑA,1051,COLONIA,CENTRO,64000,19,NUEVO LEÓN   ,39,Monterrey,1,Monterrey                                                                                                     ,1737,25.66778435,-100.3261815,2010-07
146 CINEMEX MACROPLAZA OAXACA TRADICIONAL,OPERADORA DE CINEMAS,31 a 50 personas,CARRETERA,INTERNACIONAL,2002,COLONIA,NUEVA SANTA LUCÍA,71228,20,OAXACA,390,Santa Lucía del Camino,1,Santa Lucía del Camino                                                                                        ,011A,17.06861823,-96.69444492,2019-11
203 CINEMEX PLAZA BELLA OAXACA TRADICIONAL,OPERADORA DE CINEMAS,31 a 50 personas,CARRETERA,CARRETERA A MONTE ALBAN ,,COLONIA,AGENCIA DE POLICÍA MONTOYA,68143,20,OAXACA,67,Oaxaca de Juárez,1,Oaxaca de Juárez                                                                                              ,2338,17.07465375,-96.75711452,2014-12
208 CINEMEX PLAZA DEL VALLE TRADICIONAL,OPERADORA DE CINEMAS,31 a 50 personas,AVENIDA,UNIVERSIDAD,139,COLONIA,EX HACIENDA CANDIANI,68130,20,OAXACA,67,Oaxaca de Juárez,1,Oaxaca de Juárez                                                                                              ,1170,17.03981692,-96.71173701,2010-07
246 CINEMEX SALINA CRUZ TRADICIONAL,OPERADORA DE CINEMAS,11 a 30 personas,CARRETERA,SUPER TRANSÍSTMICA,10,COLONIA,GRANADILLO,70610,20,OAXACA,79,Salina Cruz,8,Colonia Granadillo                                                                                            ,116,16.2306944,-95.21114957,2019-11
297 CINEMEX TUXTEPEC TRADICIONAL,OPERADORA DE CINEMAS,11 a 30 personas,BOULEVARD,FRANCISCO I. MADERO,975,FRACCION,LOS ANGELES,68370,20,OAXACA,184,San Juan Bautista Tuxtepec,1,San Juan Bautista Tuxtepec                                                                                    ,18,18.0906392,-96.13399559,2014-12
CINE TRANSFORMER,CINE TRANSFORMER,11 a 30 personas,CALLE,CAMINO AL TARASTRO,,BARRIO,LA TRINIDAD,68270,20,OAXACA,553,Tlalixtac de Cabrera,1,Tlalixtac de Cabrera                                                                                          ,210,17.05052265,-96.64822164,2020-11
CINEBOX JUCHITAN DE ZARAGOZA,CINEMAS DE TAMPICO,11 a 30 personas,CARRETERA,PANAMERICANA KM 815+500,,SECCION,PRIMERA,70000,20,OAXACA,43,Heroica Ciudad de Juchitán de Zaragoza,1,Juchitán de Zaragoza                                                                                          ,325,16.44358051,-95.02765635,2010-07
CINEBOX OAXACA,CINEMAS DE TAMPICO,6 a 10 personas,AVENIDA,5 DE FEBRERO,,COLONIA,CENTRO,69006,20,OAXACA,39,Heroica Ciudad de Huajuapan de León,1,Heroica Ciudad de Huajuapan de León                                                                           ,125,17.80440317,-97.78305784,2023-11
CINEMA VENUS,CINEMA VENUS,0 a 5 personas,CALLE,BUSTAMANTE,718,LOCALIDAD,CENTRO,68000,20,OAXACA,67,Oaxaca de Juárez,1,Oaxaca de Juárez                                                                                              ,101A,17.05402317,-96.72625208,2010-07
CINEMA ZAPOTITLAN,,0 a 5 personas,CALLE,INDEPENDENCIA,,PUEBLO,ZAPOTITLAN LAGUNAS,69120,20,OAXACA,567,Zapotitlán Lagunas,1,Zapotitlán Lagunas                                                                                            ,42,17.75495464,-98.3899772,2024-11
CINEMAGICO,,0 a 5 personas,AVENIDA,5 DE FEBRERO,,BARRIO,SANTA CRUZ,69220,20,OAXACA,455,Santiago Ayuquililla,1,Santiago Ayuquililla                                                                                          ,31,17.93083536,-97.95833111,2024-11
CINEPOLIS LOS ÁNGELES TUXTEPEC,EXHIBIDORA MEXICANA CINEPOLIS,11 a 30 personas,CALLE,RÍO SAN JUAN,181,FRACCIONAMIENTO,LOS ANGELES,68300,20,OAXACA,184,San Juan Bautista Tuxtepec,1,San Juan Bautista Tuxtepec                                                                                    ,18,18.09264061,-96.13099079,2023-11
CINEPOLIS OAXACA,EXHIBIDORA MEXICANA CINEPOLIS,51 a 100 personas,AVENIDA,ING. JORGE L TAMAYO CASTELLANOS,,ZONA INDUSTRIAL,CENTRO COMERCIAL PLAZA OAXACA,68130,20,OAXACA,67,Oaxaca de Juárez,1,Oaxaca de Juárez                                                                                              ,1170,17.04414372,-96.71557584,2010-07
CINEPOLIS PLAZA LAS FLORES PINOTEPA,EXHIBIDORA MEXICANA CINEPOLIS,11 a 30 personas,CARRETERA,CARRETERA COSTA DEL PACIFICO,0,COLONIA,CFE,71605,20,OAXACA,482,Santiago Pinotepa Nacional,1,Santiago Pinotepa Nacional                                                                                    ,306,16.3528468,-98.06788016,2023-11
CINEPOLIS PUERTA HUATULCO,EXHIBIDORA MEXICANA CINEPOLIS,11 a 30 personas,BOULEVARD,CHAHUE,,COLONIA,SECTOR R,70989,20,OAXACA,413,Santa María Huatulco,78,Crucecita                                                                                                     ,188,15.76250439,-96.12989353,2019-04
SALA AUDIO VISUAL CINE-TOO,,0 a 5 personas,AVENIDA,BENITO JUAREZ,,LOCALIDAD,SAN PABLO GUELATAO,68770,20,OAXACA,35,Guelatao de Juárez,1,Guelatao de Juárez                                                                                            ,22,17.31784558,-96.49418169,2010-07
10 CINEMEX AMALUCAN TRADICIONAL,OPERADORA DE CINEMAS,31 a 50 personas,BOULEVARD,AVENIDA INDEPENDENCIA,269,COLONIA,BOSQUES DE AMALUCAN,72310,21,PUEBLA,114,Puebla,1,Heroica Puebla de Zaragoza                                                                                    ,2828,19.04336231,-98.13400037,2023-11
108 CINEMEX HERMANOS SERDAN TRADICIONAL,OPERADORA DE CINEMAS,11 a 30 personas,BOULEVARD,15 DE MAYO,630,COLONIA,PINO SUAREZ,72020,21,PUEBLA,114,Puebla,1,Heroica Puebla de Zaragoza                                                                                    ,2546,19.07933332,-98.22773065,2019-11
209 CINEMEX PLAZA DORADA PUEBLA TRADICIONAL,OPERADORA DE CINEMAS,31 a 50 personas,BOULEVARD,HEROES DEL 5 DE MAYO,3126,COLONIA,ANZURES,72530,21,PUEBLA,114,Puebla,1,Heroica Puebla de Zaragoza                                                                                    ,677,19.02819005,-98.20369757,2010-07
213 CINEMEX PLAZA LAS TORRES ANGELOPOLIS TRADICIONAL,OPERADORA DE CINEMAS,11 a 30 personas,PROLONGACION,MUNICIPIO LIBRE,1910,COLONIA,RICON ARBOLEDAS,72480,21,PUEBLA,114,Puebla,1,Heroica Puebla de Zaragoza                                                                                    ,6021,19.01040363,-98.24509489,2019-11
232 CINEMEX PUEBLA CENTRO TRADICIONAL,OPERADORA DE CINEMAS,11 a 30 personas,AVENIDA,7 PONIENTE,102,COLONIA,CENTRO,72000,21,PUEBLA,114,Puebla,1,Heroica Puebla de Zaragoza                                                                                    ,501,19.04229111,-98.20007386,2014-12
251 CINEMEX SAN FRANCISCO TRADICIONAL,OPERADORA DE CINEMAS,31 a 50 personas,AVENIDA,10 NORTE,1006,COLONIA,CENTRO,72000,21,PUEBLA,114,Puebla,1,Heroica Puebla de Zaragoza                                                                                    ,3614,19.0433288,-98.1911773,2010-07
257 CINEMEX SAN MANUEL TRADICIONAL,OPERADORA DE CINEMAS,11 a 30 personas,PROLONGACION,DE LA 14 SUR,4302,COLONIA,JARDINES DE SAN MANUEL,72570,21,PUEBLA,114,Puebla,1,Heroica Puebla de Zaragoza                                                                                    ,1393,19.02222509,-98.19864589,2017-11
269 CINEMEX SOLESTA PREMIUM,OPERADORA DE CINEMAS,31 a 50 personas,BOULEVARD,VÍA ATLIXCÁYOTL,4931,UNIDAD,TERRITORIAL ATLIXCAYOTL,72450,21,PUEBLA,114,Puebla,1,Heroica Puebla de Zaragoza                                                                                    ,524A,19.03359001,-98.22811264,2014-12
270 CINEMEX SONATA PLATINO,OPERADORA DE CINEMAS,11 a 30 personas,CALLE,PASEO SINFONÍA,4,COLONIA,LOMAS DE ANGELOPOLIS II,72830,21,PUEBLA,119,San Andrés Cholula,13,San Bernardino Tlaxcalancingo                                                                                 ,565,18.99329962,-98.27782462,2017-11
295 CINEMEX TRIANGULO PUEBLA PREMIUM,OPERADORA DE CINEMAS,31 a 50 personas,CIRCUITO,ATLIXCO,3515,COLONIA,LAS ANIMAS,72400,21,PUEBLA,114,Puebla,1,Heroica Puebla de Zaragoza                                                                                    ,2480,19.04392142,-98.23594099,2010-07
58 CINEMEX DEL PARQUE TRADICIONAL,OPERADORA DE CINEMAS,31 a 50 personas,AVENIDA,HÉROES DEL 5 DE MAYO,1101,COLONIA,SANTA MARIA,72080,21,PUEBLA,114,Puebla,1,Heroica Puebla de Zaragoza                                                                                    ,3525,19.0716741,-98.19360655,2016-01
76 CINEMEX EXPLANADA PUEBLA PREMIUM,OPERADORA DE CINEMAS,31 a 50 personas,CALLE,ALEJANDRA (IGNACIO ALLENDE),512,COLONIA,SANTIAGO MOMOXPAN,72774,21,PUEBLA,140,San Pedro Cholula,1,Cholula de Rivadavia                                                                                          ,319,19.07251472,-98.27561865,2016-01
AUTOCINEMA COCODRILO,PROYECCIONES NOMADA,11 a 30 personas,CALLE,5 SUR,102,COLONIA,CENTRO,72810,21,PUEBLA,119,San Andrés Cholula,1,San Andrés Cholula                                                                                            ,194,19.05199665,-98.30282841,2019-11
CINE COLONIAL,PROMERKSA,6 a 10 personas,CALLE,2 PONIENTE,1108,COLONIA,CENTRO,72000,21,PUEBLA,114,Puebla,1,Heroica Puebla de Zaragoza                                                                                    ,395,19.04961859,-98.20649523,2019-11
CINE CULTURAL LA MARGARITA,,0 a 5 personas,CALLE,NINGUNO,,CONJUNTO HABITACIONAL,LA MARGARITA,72560,21,PUEBLA,114,Puebla,1,Heroica Puebla de Zaragoza                                                                                    ,2071,19.00667632,-98.18939949,2010-07
CINE TERESA,,0 a 5 personas,AVENIDA,17 PONIENTE,2315,COLONIA,AGUILA,72410,21,PUEBLA,114,Puebla,1,Heroica Puebla de Zaragoza                                                                                    ,380,19.04727142,-98.2196078,2010-07
CINEBOX PLAZA CRYSTAL TEZIUTLAN,CINEMAS DE SAN JUAN,11 a 30 personas,CALLE,DE MINA,754,COLONIA,LA MESILLA,73885,21,PUEBLA,174,Teziutlán,1,Teziutlán                                                                                                     ,011A,19.80799855,-97.36681496,2020-11
CINEBOX SAN MARTIN TEXMELUCAM,CINE NOS MUEVE,11 a 30 personas,BOULEVARD,XICOHTÉNCATL,,COLONIA,CENTRO,74000,21,PUEBLA,132,San Martín Texmelucan,1,San Martín Texmelucan de Labastida                                                                            ,355,19.28821625,-98.42273592,2010-07
CINEMA CHIGNAHUAPAN,,0 a 5 personas,CALLE,RAMON MARQUEZ CASTO,,COLONIA,CENTRO,73300,21,PUEBLA,53,Chignahuapan,1,Ciudad de Chignahuapan                                                                                        ,260,19.83849989,-98.03426309,2019-11
CINEMA HOLLYWOOD,,6 a 10 personas,CALLE,3 SUR,1104,BARRIO,SAN NICOLAS,75480,21,PUEBLA,154,Tecamachalco,1,Tecamachalco                                                                                                  ,193,18.88000705,-97.73171738,2010-07
CINEMA LUXXX,,0 a 5 personas,CALLE,42 NORTE,0,COLONIA,DIEZ DE MAYO,72270,21,PUEBLA,114,Puebla,1,Heroica Puebla de Zaragoza                                                                                    ,5343,19.04985155,-98.16674541,2010-07
CINEMA TEPEACA,,6 a 10 personas,CALLE,NEGRETE PONIENTE,109,BARRIO,CENTRO,75200,21,PUEBLA,164,Tepeaca,1,Tepeaca                                                                                                       ,293,18.96463602,-97.90499184,2024-11
CINEMA XICOTEPEC,,6 a 10 personas,AVENIDA,HIDALGO,124,COLONIA,CENTRO,73080,21,PUEBLA,197,Xicotepec,1,Xicotepec de Juárez                                                                                           ,129,20.2761421,-97.9609347,2020-11
CINEMAS REFORMA,EXHIBICION ALTENATIVA,0 a 5 personas,BOULEVARD,JOSE MARIA MORELOS Y PAVON,104,COLONIA,CENTRO,75750,21,PUEBLA,156,Tehuacán,1,Tehuacán                                                                                                      ,874,18.46261607,-97.39412937,2014-12
CINEPOLIS ANGELÓPOLIS,EXHIBIDORA MEXICANA CINEPOLIS,51 a 100 personas,BOULEVARD,DEL NIÑO POBLANO,2510,COLONIA,CENTRO COMERCIAL ANGELOPOLIS,72450,21,PUEBLA,114,Puebla,1,Heroica Puebla de Zaragoza                                                                                    ,524A,19.03003004,-98.23326726,2010-07
CINEPOLIS BOULEVARD,EXHIBIDORA MEXICANA CINEPOLIS,31 a 50 personas,BOULEVARD,HÉROES DEL 5 DE MAYO,907,COLONIA,CENTRO,72000,21,PUEBLA,114,Puebla,1,Heroica Puebla de Zaragoza                                                                                    ,3760,19.03890814,-98.19619958,2010-07
CINEPOLIS CENTRO SUR PUEBLA,EXHIBIDORA MEXICANA CINEPOLIS,31 a 50 personas,CALLE,11 SUR,10000,COLONIA,AGUA SANTA,72490,21,PUEBLA,114,Puebla,1,Heroica Puebla de Zaragoza                                                                                    ,4171,18.98685935,-98.24879099,2010-07
CINEPOLIS CRUZ DEL SUR,EXHIBIDORA MEXICANA CINEPOLIS,31 a 50 personas,BOULEVARD,FORJADORES DE PUEBLA,1009,COLONIA,IGNACIO ROMERO VARGAS,72700,21,PUEBLA,114,Puebla,1,Heroica Puebla de Zaragoza                                                                                    ,346A,19.07315566,-98.25764789,2010-07
CINEPOLIS GALERÍAS SERDÁN,EXHIBIDORA MEXICANA CINEPOLIS,31 a 50 personas,BOULEVARD,HERMANOS SERDAN,270,COLONIA,VILLA POSADAS,72062,21,PUEBLA,114,Puebla,1,Heroica Puebla de Zaragoza                                                                                    ,4218,19.07058631,-98.22591145,2016-01
CINEPOLIS LA NORIA,EXHIBIDORA MEXICANA CINEPOLIS,31 a 50 personas,CALLE,45 PONIENTE,1937,COLONIA,RESERVA TERRITORIAL ATLIXCAYOTL,72410,21,PUEBLA,114,Puebla,1,Heroica Puebla de Zaragoza                                                                                    ,2461,19.03532338,-98.22284266,2010-07
CINEPOLIS LAS PALMAS HUAUCHINANGO,EXHIBIDORA MEXICANA CINEPOLIS,11 a 30 personas,CALLE,MOCTEZUMA,2,COLONIA,CENTRO,73160,21,PUEBLA,71,Huauchinango,1,Huauchinango                                                                                                  ,38,20.17423866,-98.05407323,2019-11
CINEPOLIS MORALEDA,EXHIBIDORA MEXICANA CINEPOLIS,31 a 50 personas,CARRETERA,FEDERAL LIBRE 190 PUEBLA-HUAJUAPAN DE LEÓN (LIBRAMIENTO PUEBAL IZUCAR DE MATAMOROS),1901,COLONIA,CAMPESTRE LA MORALEDA,74200,21,PUEBLA,19,Atlixco,1,Atlixco                                                                                                       ,803,18.89251546,-98.42745609,2020-11
CINEPOLIS PARQUE PUEBLA,EXHIBIDORA MEXICANA CINEPOLIS,51 a 100 personas,CALZADA,IGNACIO ZARAGOZA,410,ZONA INDUSTRIAL,LA CIENEGA,72220,21,PUEBLA,114,Puebla,1,Heroica Puebla de Zaragoza                                                                                    ,3440,19.07136222,-98.17341571,2019-04
CINEPOLIS PLAZA CRYSTAL (PUEBLA),EXHIBIDORA MEXICANA CINEPOLIS,31 a 50 personas,BOULEVARD,CAPITÁN CARLOS CAMACHO ESPÍRITU,115,COLONIA,PLAZA CRISTAL,72550,21,PUEBLA,114,Puebla,1,Heroica Puebla de Zaragoza                                                                                    ,732,19.02198479,-98.21234664,2010-07
CINEPOLIS PLAZA EDÉN,EXHIBIDORA MEXICANA CINEPOLIS,11 a 30 personas,AVENIDA,MIGUEL HIDALGO,5,COLONIA,PLAZA EL EDEN,73800,21,PUEBLA,174,Teziutlán,1,Teziutlán                                                                                                     ,16,19.82454268,-97.36047676,2023-11
CINEPOLIS PLAZA LORETO,EXHIBIDORA MEXICANA CINEPOLIS,11 a 30 personas,AVENIDA,IGNACIO ZARAGOZA,266,COLONIA,CENTRO COMERCIAL PLAZA LORETO,72240,21,PUEBLA,114,Puebla,1,Heroica Puebla de Zaragoza                                                                                    ,3563,19.06644323,-98.17758698,2014-12
CINEPOLIS PLAZA PRADEA VALSEQUILLO,EXHIBIDORA MEXICANA CINEPOLIS,11 a 30 personas,BOULEVARD,CARLOS CAMACHO ESPIRITU,7736,COLONIA,UNIVERSIDAD,72583,21,PUEBLA,114,Puebla,1,Heroica Puebla de Zaragoza                                                                                    ,1798,18.99133407,-98.20121526,2023-11
CINEPOLIS PLAZA SAN DIEGO,EXHIBIDORA MEXICANA CINEPOLIS,31 a 50 personas,AVENIDA,FORJADORES DE PUEBLA,3401,COLONIA,SANTIAGO MIXQUITLA,72760,21,PUEBLA,140,San Pedro Cholula,1,Cholula de Rivadavia                                                                                          ,380,19.07495633,-98.29562067,2011-03
CINEPOLIS SAN JERÓNIMO,EXHIBIDORA MEXICANA CINEPOLIS,11 a 30 personas,CALLE,CAMINO REAL A SAN JERÓNIMO,1839,COLONIA,DEL VALLE,72100,21,PUEBLA,114,Puebla,1,Heroica Puebla de Zaragoza                                                                                    ,5235,19.09841677,-98.22072507,2016-10
CINEPOLIS SAN SEBASTIAN,EXHIBIDORA MEXICANA CINEPOLIS,11 a 30 personas,BOULEVARD,XONACATEPEC,174,COLONIA,HACIENDA LOS CAPULINES II,72310,21,PUEBLA,114,Puebla,1,Heroica Puebla de Zaragoza                                                                                    ,6286,19.05960487,-98.12945424,2023-11
CINEPOLIS TEHUACÁN,EXHIBIDORA MEXICANA CINEPOLIS,51 a 100 personas,CALZADA,ADOLFO LÓPEZ MATEOS,3800,COLONIA,SAN LORENZO TEOTIPILCO,75855,21,PUEBLA,156,Tehuacán,1,Tehuacán                                                                                                      ,836,18.46763168,-97.41807118,2010-07
CINEPOLIS VIP ANGELÓPOLIS,EXHIBIDORA MEXICANA CINEPOLIS,51 a 100 personas,BOULEVARD,DEL NIÑO POBLANO,2510,COLONIA,CENTRO COMERCIAL ANGELOPOLIS,72450,21,PUEBLA,114,Puebla,1,Heroica Puebla de Zaragoza                                                                                    ,524A,19.03004901,-98.23276714,2020-04
GR CINEMAS,,6 a 10 personas,CALLE,IGNACIO RAMIREZ EL NIGROMANTE,2,LOCALIDAD,ZACATLAN CENTRO,73310,21,PUEBLA,208,Zacatlán,1,Zacatlán                                                                                                      ,139,19.93289095,-97.95819389,2024-11
VIDEO CLUB SIN NOMBRE,,0 a 5 personas,CALLE,GOMEZ FARIAS,,COLONIA,CENTRO,73560,21,PUEBLA,43,Cuetzalan del Progreso,1,Ciudad de Cuetzalan                                                                                           ,52,20.01879824,-97.52030567,2019-11
109 CINEMEX HILVANA POP,OPERADORA DE CINEMAS,11 a 30 personas,PROLONGACION,NINGUNO,80,COLONIA,EL ROSARIO,7678,22,QUERÉTARO                               ,14,Querétaro,1,Santiago de Querétaro                                                                                         ,1833,20.57863843,-100.4183482,2010-07
120 CINEMEX JURICA TRADICIONAL,OPERADORA DE CINEMAS,11 a 30 personas,AVENIDA,5 DE FEBRERO ,,COLONIA,BENITO JUAREZ,76100,22,QUERÉTARO                               ,14,Querétaro,1,Santiago de Querétaro                                                                                         ,1621,20.64906579,-100.4317045,2019-11
188 CINEMEX PASEO QUERETARO PLATINO,OPERADORA DE CINEMAS,11 a 30 personas,EJE VIAL,ANILLO VIAL FRAY JUNIPERO SERRA ,7901,COLONIA,LA PURISIMA,76146,22,QUERÉTARO                               ,14,Querétaro,7919,Localidad sin descripción,006A,20.63305995,-100.3558957,2019-11
189 CINEMEX PASEO QUERETARO PREMIUM,OPERADORA DE CINEMAS,11 a 30 personas,OTRO(ESPECIFIQUE),NINGUNO,7901,COLONIA,LA PURISIMA,76146,22,QUERÉTARO                               ,14,Querétaro,7919,Localidad sin descripción,006A,20.63135182,-100.3553236,2026-04
24 CINEMEX BOULEVARES QUERETARO PREMIUM,OPERADORA DE CINEMAS,11 a 30 personas,BOULEVARD,CORREGIDORA NORTE,302,COLONIA,ALAMOS TERCERA SECCION,76170,22,QUERÉTARO                               ,14,Querétaro,1,Santiago de Querétaro                                                                                         ,2244,20.61455474,-100.3891197,2010-07
254 CINEMEX SAN JUAN TRADICIONAL,OPERADORA DE CINEMAS,31 a 50 personas,CARRETERA,PANAMERICANA A QUERETARO,202,COLONIA,CENTRO,76800,22,QUERÉTARO                               ,16,San Juan del Río,1,San Juan del Río                                                                                              ,632,20.38432687,-100.0120391,2014-12
26 CINEMEX CANDILES TRADICIONAL,OPERADORA DE CINEMAS,31 a 50 personas,AVENIDA,CANDILES,204,FRACCIONAMIENTO,CAMINO REAL,76903,22,QUERÉTARO                               ,6,Corregidora,1,El Pueblito                                                                                                   ,693,20.54644675,-100.3953883,2011-03
50 CINEMEX CONSTITUYENTES TRADICIONAL,OPERADORA DE CINEMAS,11 a 30 personas,AVENIDA,PASEO CONSTITUYENTES,1285,COLONIA,LOS OLVERA (PROCEDE),76900,22,QUERÉTARO                               ,6,Corregidora,1,El Pueblito                                                                                                   ,250,20.5505464,-100.4238173,2014-12
CINE CINETOP,XTRA CINEMAS,11 a 30 personas,CALLE,FEDERAL 120 SAN JUAN DEL RIO XILITLA,100,COLONIA,HACIENDA GRANDE,76799,22,QUERÉTARO                               ,17,Tequisquiapan,1,Tequisquiapan                                                                                                 ,95,20.5284143,-99.89920188,2010-07
CINEBOX SAN JUAN DEL RIO,CINEMAS DE SAN JUAN,11 a 30 personas,CALLE,NINGUNO,268,COLONIA,SAN CAYETANO,76806,22,QUERÉTARO                               ,16,San Juan del Río,1,San Juan del Río                                                                                              ,1147,20.38598853,-99.96985655,2010-07
CINEPOLIS AMÉRICAS QUERÉTARO,EXHIBIDORA MEXICANA CINEPOLIS,11 a 30 personas,AVENIDA,CONSTITUYENTES,183,COLONIA,CARRETAS,76050,22,QUERÉTARO                               ,14,Querétaro,1,Santiago de Querétaro                                                                                         ,445,20.58824438,-100.3751176,2010-07
CINEPOLIS ANTEA QUERÉTARO,EXHIBIDORA MEXICANA CINEPOLIS,51 a 100 personas,CALLE,FEDERAL LIBRE 57 SAN LUIS POTOSÍ (PASEO DE LA REPÚBLICA),12401,COLONIA,EL SALITRE,76127,22,QUERÉTARO                               ,14,Querétaro,1,Santiago de Querétaro                                                                                         ,4611,20.67653219,-100.4346909,2014-12
CINEPOLIS CITADINA CORREGIDORA,EXHIBIDORA MEXICANA CINEPOLIS,11 a 30 personas,AVENIDA,CONSTITUYENTES,1601,BARRIO,BARRIO DE LA SACA,76900,22,QUERÉTARO                               ,6,Corregidora,1,El Pueblito                                                                                                   ,157,20.53659929,-100.4352828,2019-04
CINEPOLIS ESFERA QUERÉTARO (MIXTO),EXHIBIDORA MEXICANA CINEPOLIS,51 a 100 personas,AUTOPISTA,FEDERAL CUOTA 45 QUERÉTARO-IRAPUATO (QUERÉTARO-CELAYA) KM 0+600,5501,COLONIA,JARDINES DE LA HACIENDA,76180,22,QUERÉTARO                               ,14,Querétaro,1,Santiago de Querétaro                                                                                         ,553,20.57537634,-100.4074234,2020-04
CINEPOLIS LA VICTORIA LATITUD,EXHIBIDORA MEXICANA CINEPOLIS,51 a 100 personas,AVENIDA,CONSTITUYENTES,40,COLONIA,VILLAS DEL SOL,76046,22,QUERÉTARO                               ,14,Querétaro,1,Santiago de Querétaro                                                                                         ,2348,20.58627901,-100.3818817,2020-04
CINEPOLIS MC PASEO DEL RÍO,EXHIBIDORA MEXICANA CINEPOLIS,31 a 50 personas,AVENIDA,PASEO CENTRAL,183,COLONIA,VALLE DE ORO,76802,22,QUERÉTARO                               ,16,San Juan del Río,1,San Juan del Río                                                                                              ,488,20.3931749,-99.98396683,2016-01
CINEPOLIS PEÑAFLOR,EXHIBIDORA MEXICANA CINEPOLIS,11 a 30 personas,BOULEVARD,BERNARDO QUINTANA ARRIOJA (FRAY JUNIPERO SERRA),4201,COLONIA,CIUDAD DEL SOL,76116,22,QUERÉTARO                               ,14,Querétaro,1,Santiago de Querétaro                                                                                         ,440A,20.64783769,-100.4788661,2019-04
CINEPOLIS PLAZA DEL PARQUE,EXHIBIDORA MEXICANA CINEPOLIS,11 a 30 personas,AVENIDA,CORREGIDORA NORTE,691,COLONIA,PARQUES INDUSTRIALES,76169,22,QUERÉTARO                               ,14,Querétaro,1,Santiago de Querétaro                                                                                         ,1227,20.61492204,-100.3907676,2010-07
CINEPOLIS SENDERO QUERÉTARO,EXHIBIDORA MEXICANA CINEPOLIS,31 a 50 personas,AVENIDA,REVOLUCIÓN,99,COLONIA,PUERTAS DEL SOL,76114,22,QUERÉTARO                               ,14,Querétaro,1,Santiago de Querétaro                                                                                         ,2206,20.61914165,-100.4402847,2010-07
CINEPOLIS UPTOWN JURIQUILLA,EXHIBIDORA MEXICANA CINEPOLIS,31 a 50 personas,PERIFERICO,NINGUNO,0,COLONIA,UPTOWN JURIQUILLA,76127,22,QUERÉTARO                               ,14,Querétaro,1,Santiago de Querétaro                                                                                         ,4611,20.67711079,-100.4321541,2017-11
CINEPOLIS VIP ANTEA QUERÉTARO,EXHIBIDORA MEXICANA CINEPOLIS,31 a 50 personas,CARRETERA,FEDERAL LIBRE 57 SAN LUIS POTOSÍ (PASEO DE LA REPÚBLICA),12401,COLONIA,EL SALITRE,76127,22,QUERÉTARO                               ,14,Querétaro,1,Santiago de Querétaro                                                                                         ,4611,20.673937,-100.4344207,2019-11
CINEPOLIS VIP ESFERA QUERÉTARO (MIXTO),EXHIBIDORA MEXICANA CINEPOLIS,51 a 100 personas,AUTOPISTA,FEDERAL CUOTA 45 QUERÉTARO-IRAPUATO (QUERÉTARO-CELAYA) KM 0+600,5501,COLONIA,JARDINES DE LA HACIENDA,76180,22,QUERÉTARO                               ,14,Querétaro,1,Santiago de Querétaro                                                                                         ,553,20.57537782,-100.4074252,2014-12
CINEPOLIS VIP LA VICTORIA LATITUD,EXHIBIDORA MEXICANA CINEPOLIS,31 a 50 personas,AVENIDA,CONSTITUYENTES,40,COLONIA,VILLAS DEL SOL,76046,22,QUERÉTARO                               ,14,Querétaro,1,Santiago de Querétaro                                                                                         ,2348,20.58627901,-100.3818817,2017-03
124 CINEMEX LA ISLA PLATINO,OPERADORA DE CINEMAS,11 a 30 personas,BOULEVARD,NINGUNO,12,ZONA COMERCIAL,ZONA HOTELERA,77500,23,QUINTANA ROO,5,Benito Juárez,1,Cancún                                                                                                        ,1701,21.11030313,-86.7630722,2010-07
127 CINEMEX LA ROCA PREMIUM,OPERADORA DE CINEMAS,11 a 30 personas,BOULEVARD,CUMBRES,109,COLONIA,RESIDENCIAL CUMBRES,77580,23,QUINTANA ROO,5,Benito Juárez,1,Cancún                                                                                                        ,3943,21.11069039,-86.84022472,2019-11
168 CINEMEX MULTIPLAZA CANCUN TRADICIONAL,OPERADORA DE CINEMAS,11 a 30 personas,AVENIDA,AV KABAH Y AV DE LOS TULES,,REGION,REGION 248,77516,23,QUINTANA ROO,5,Benito Juárez,1,Cancún                                                                                                        ,3267,21.19023536,-86.86980802,2011-03
200 CINEMEX PLAYA DEL CARMEN TRADICIONAL,OPERADORA DE CINEMAS,11 a 30 personas,CARRETERA,41 SUR,21,COLONIA,EJIDAL,77712,23,QUINTANA ROO,8,Solidaridad,1,Playa del Carmen                                                                                              ,121A,20.62141022,-87.0969439,2014-12
237 CINEMEX PUNTA LANGOSTA PREMIUM,OPERADORA DE CINEMAS,11 a 30 personas,AVENIDA,RAFAEL E MELGAR,0,COLONIA,CENTRO,77600,23,QUINTANA ROO,1,Cozumel,1,Cozumel                                                                                                       ,51,20.50605912,-86.95648142,2023-11
25 CINEMEX CANCUN TRADICIONAL,OPERADORA DE CINEMAS,11 a 30 personas,AVENIDA,ANDRÉS QUINTANA ROO,4,COLONIA,39,77507,23,QUINTANA ROO,5,Benito Juárez,1,Cancún                                                                                                        ,900,21.15065802,-86.84921321,2017-03
303 CINEMEX VELARMAR POP,OPERADORA DE CINEMAS,11 a 30 personas,AVENIDA,ARCO VIAL,,COLONIA,EJIDAL,77725,23,QUINTANA ROO,8,Solidaridad,1,Playa del Carmen                                                                                              ,1421,20.66966356,-87.06022507,2016-01
40 CINEMEX CHETUMAL TRADICIONAL,OPERADORA DE CINEMAS,11 a 30 personas,AVENIDA,ERICK PAOLO MARTÍNEZ,120,COLONIA,COMITÉ PROTERRITORIO,77026,23,QUINTANA ROO,4,Othón P. Blanco,1,Chetumal                                                                                                      ,2011,18.52544981,-88.2943162,2014-12
CINEPOLIS ARCO NORTE,EXHIBIDORA MEXICANA CINEPOLIS,31 a 50 personas,AVENIDA,LAKIN,255,FRACCIONAMIENTO,PASEOS DEL MAR,77519,23,QUINTANA ROO,5,Benito Juárez,1,Cancún                                                                                                        ,5333,21.17543318,-86.91416861,2020-04
CINEPOLIS CANCÚN,EXHIBIDORA MEXICANA CINEPOLIS,51 a 100 personas,AVENIDA,LUIS DONALDO COLOSIO (TULÚM SUR),260,COLONIA,SUPER MANZANA 7,77500,23,QUINTANA ROO,5,Benito Juárez,1,Cancún                                                                                                        ,2979,21.14679375,-86.82429587,2020-04
CINEPOLIS CANCÚN MALL,EXHIBIDORA MEXICANA CINEPOLIS,51 a 100 personas,AVENIDA,AV. COSTA MAYA SUPERMANZANA O,0,COLONIA,228,77516,23,QUINTANA ROO,5,Benito Juárez,1,Cancún                                                                                                        ,1504,21.18011591,-86.85007082,2010-07
CINEPOLIS COZUMEL,EXHIBIDORA MEXICANA CINEPOLIS,31 a 50 personas,AVENIDA,XEL HA,0,COLONIA,ANDRÉS QUINTANA ROO,77600,23,QUINTANA ROO,1,Cozumel,1,Cozumel                                                                                                       ,70,20.50245058,-86.95736835,2010-07
CINEPOLIS LA GRAN PLAZA CANCÚN,EXHIBIDORA MEXICANA CINEPOLIS,51 a 100 personas,AVENIDA,NICHUPTÉ,,ZONA INDUSTRIAL,SUPER MANZANA 51,77533,23,QUINTANA ROO,5,Benito Juárez,1,Cancún                                                                                                        ,2697,21.14085978,-86.85212719,2010-07
CINEPOLIS LAS AMÉRICAS (PLAYA DEL CARMEN),EXHIBIDORA MEXICANA CINEPOLIS,51 a 100 personas,AVENIDA,PASEO CENTRAL,,COLONIA,LA GRAN PLAZA DE LA RIVIERA,77710,23,QUINTANA ROO,8,Solidaridad,1,Playa del Carmen                                                                                              ,993,20.64877366,-87.08364105,2010-07
CINEPOLIS LAS AMÉRICAS CHETUMAL,EXHIBIDORA MEXICANA CINEPOLIS,51 a 100 personas,AVENIDA,INSURGENTES,,COLONIA,PAYO OBISPO,77084,23,QUINTANA ROO,4,Othón P. Blanco,1,Chetumal                                                                                                      ,759,18.5188033,-88.32267959,2010-07
CINEPOLIS MC LAS TIENDAS CANCÚN,EXHIBIDORA MEXICANA CINEPOLIS,11 a 30 personas,AVENIDA,TULUM,0,COLONIA,SUPERMANZA 63,77513,23,QUINTANA ROO,5,Benito Juárez,1,Cancún                                                                                                        ,192,21.17397429,-86.82676032,2014-12
CINEPOLIS MULTIPLAZA PUERTO AVENTURAS,EXHIBIDORA MEXICANA CINEPOLIS,11 a 30 personas,CARRETERA,FEDERAL 307 KM 270,,COLONIA,POBLADO PUERTO AVENTURAS,77733,23,QUINTANA ROO,8,Solidaridad,308,Puerto Aventuras                                                                                              ,1737,20.50837115,-87.22601762,2023-11
CINEPOLIS PLAZA PUERTA COZUMEL,EXHIBIDORA MEXICANA CINEPOLIS,11 a 30 personas,AVENIDA,LICENCIADO FÉLIX ARTURO GONZÁLEZ CANTO,,COLONIA,EMILIANO ZAPATA,77620,23,QUINTANA ROO,1,Cozumel,1,Cozumel                                                                                                       ,1238,20.49537292,-86.92843958,2023-11
CINEPOLIS PUERTO CANCÚN,EXHIBIDORA MEXICANA CINEPOLIS,31 a 50 personas,AVENIDA,NINGUNO,0,ZONA COMERCIAL,ZONA HOTELERA,77500,23,QUINTANA ROO,5,Benito Juárez,1,Cancún                                                                                                        ,3483,21.1597209,-86.80894606,2020-04
CINEPOLIS PUNTA LAKIN (LÓPEZ PORTILLO),EXHIBIDORA MEXICANA CINEPOLIS,11 a 30 personas,AVENIDA,LÓPEZ PORTILLO,35,COLONIA,63,77539,23,QUINTANA ROO,5,Benito Juárez,1,Cancún                                                                                                        ,3182,21.13598048,-86.90388055,2023-11
CINEPOLIS VILLAS DEL SOL PLAYA DEL CARMEN,EXHIBIDORA MEXICANA CINEPOLIS,11 a 30 personas,AVENIDA,LOS GAVILANES,0,COLONIA,VILLAS DEL SOL,77723,23,QUINTANA ROO,8,Solidaridad,1,Playa del Carmen                                                                                              ,1775,20.67164348,-87.11449366,2020-04
CINEPOLIS VIP CANCÚN,EXHIBIDORA MEXICANA CINEPOLIS,31 a 50 personas,AVENIDA,LUIS DONALDO COLOSIO (TULÚM SUR),260,COLONIA,SUPERMANZANA,77500,23,QUINTANA ROO,5,Benito Juárez,1,Cancún                                                                                                        ,2979,21.14818649,-86.82440072,2023-11
CINEPOLIS VIP PUERTO CANCÚN,EXHIBIDORA MEXICANA CINEPOLIS,31 a 50 personas,AVENIDA,PUERTO CANCUN (SECCIÓN E BONAMPAK 1 - 02 UC - 27),1,ZONA INDUSTRIAL,ZONA HOTELERA,77500,23,QUINTANA ROO,5,Benito Juárez,1,Cancún                                                                                                        ,3483,21.15972124,-86.80893675,2020-04
35 CINEMEX CD VALLES TRADICIONAL,OPERADORA DE CINEMAS,31 a 50 personas,BOULEVARD,MÉXICO-LAREDO,100,COLONIA,MOCTEZUMA,79040,24,SAN LUIS POTOSÍ        ,13,Ciudad Valles,1,Ciudad Valles                                                                                                 ,413,21.99355033,-99.01186401,2020-11
43 CINEMEX CITADELLA TRADICIONAL,OPERADORA DE CINEMAS,31 a 50 personas,AVENIDA,NINGUNO,3125,COLONIA,DEL PARQUE,78110,24,SAN LUIS POTOSÍ        ,28,San Luis Potosí,1,San Luis Potosí                                                                                               ,2906,22.13819813,-101.0008413,2014-12
69 CINEMEX EL PASEO TRADICIONAL,OPERADORA DE CINEMAS,11 a 30 personas,AVENIDA,SALVADOR NAVA MTZ,,COLONIA,EL PASEO,78399,24,SAN LUIS POTOSÍ        ,28,San Luis Potosí,1,San Luis Potosí                                                                                               ,2268,22.14082568,-100.9561814,2017-03
CINE CINEMEX,OPERADORA DE CINEMAX,11 a 30 personas,CALLE,AVENIDA DOCTOR SALVADOR NAVA MARTÍNEZ,3125,COLONIA,COLINAS DEL PARQUE,78294,24,SAN LUIS POTOSÍ        ,28,San Luis Potosí,1,San Luis Potosí                                                                                               ,2906,22.13849825,-101.0015691,2026-04
CINEMAS LAS AMERICAS,,0 a 5 personas,CALLE,VICENTE GUERRERO,206,COLONIA,CENTRO,78700,24,SAN LUIS POTOSÍ        ,20,Matehuala,1,Matehuala                                                                                                     ,055A,23.64418745,-100.6410375,2010-07
CINEPLEX ,CINEMAS DE OCCIDENTE,11 a 30 personas,CARRETERA,A LA PAZ,431,COLONIA,INFONAVIT FIDEL VELAZQUEZ,78724,24,SAN LUIS POTOSÍ        ,20,Matehuala,1,Matehuala                                                                                                     ,390,23.66821886,-100.6521416,2025-04
CINEPOLIS CITADINA SAN LUIS POTOSÍ,EXHIBIDORA MEXICANA CINEPOLIS,11 a 30 personas,CALLE,LATERAL SAN LUIS-MATEHUALA,3600,COLONIA,CENTRO,78433,24,SAN LUIS POTOSÍ        ,35,Soledad de Graciano Sánchez,1,Soledad de Graciano Sánchez                                                                                   ,463,22.18233623,-100.9515884,2016-01
CINEPOLIS EL DORADO SAN LUIS,EXHIBIDORA MEXICANA CINEPOLIS,51 a 100 personas,AVENIDA,NEREO RODRIGUEZ BARRAGAN,450,COLONIA,DEL VALLE,78200,24,SAN LUIS POTOSÍ        ,28,San Luis Potosí,1,San Luis Potosí                                                                                               ,3069,22.15504706,-101.0027542,2020-04
CINEPOLIS MACROPLAZA SAN LUIS POTOSÍ (SALVADOR NAVA),EXHIBIDORA MEXICANA CINEPOLIS,31 a 50 personas,AVENIDA,DOCTOR SALVADOR MARTÍNEZ NAVA,450,FRACCIONAMIENTO,TANGAMANGA,78320,24,SAN LUIS POTOSÍ        ,28,San Luis Potosí,1,San Luis Potosí                                                                                               ,311A,22.14297449,-100.9567325,2010-07
CINEPOLIS PLAZA SAN LUIS,EXHIBIDORA MEXICANA CINEPOLIS,31 a 50 personas,AVENIDA,TERCER MILENIO,1010,HACIENDA,LOMAS DEL TECNOLOGICO,78215,24,SAN LUIS POTOSÍ        ,28,San Luis Potosí,1,San Luis Potosí                                                                                               ,4419,22.12574779,-101.0311776,2020-04
CINEPOLIS PLAZA SENDERO SAN LUIS,EXHIBIDORA MEXICANA CINEPOLIS,51 a 100 personas,AVENIDA,NINGUNO,2005,COLONIA,ESTRELLA SE ORIENTE,78396,24,SAN LUIS POTOSÍ        ,28,San Luis Potosí,1,San Luis Potosí                                                                                               ,126A,22.13114525,-100.9249034,2010-07
CINEPOLIS TANGAMANGA,EXHIBIDORA MEXICANA CINEPOLIS,11 a 30 personas,AVENIDA,MANUEL J CLOUTHIER,263,FRACCIONAMIENTO,TANGAMANGA,78260,24,SAN LUIS POTOSÍ        ,28,San Luis Potosí,1,San Luis Potosí                                                                                               ,2164,22.14089233,-101.002484,2017-03
CINEPOLIS VIP EL DORADO SAN LUIS,EXHIBIDORA MEXICANA CINEPOLIS,31 a 50 personas,AVENIDA,NEREO RODRIGUEZ BARRAGAN,450,COLONIA,DEL VALLE,78200,24,SAN LUIS POTOSÍ        ,28,San Luis Potosí,1,San Luis Potosí                                                                                               ,3069,22.15504706,-101.0027542,2010-07
CINEPOLIS VIP PLAZA SAN LUIS,EXHIBIDORA MEXICANA CINEPOLIS,31 a 50 personas,AVENIDA,TERCER MILENIO,1010,HACIENDA,LOMAS DEL TECNOLOGICO,78215,24,SAN LUIS POTOSÍ        ,28,San Luis Potosí,1,San Luis Potosí                                                                                               ,4419,22.12574779,-101.0311776,2014-12
CINETECA ALAMEDA,CINETECA ALAMEDA,31 a 50 personas,AVENIDA,UNIVERSIDAD,575,COLONIA,CENTRO,78000,24,SAN LUIS POTOSÍ        ,28,San Luis Potosí,1,San Luis Potosí                                                                                               ,488,22.15021455,-100.973322,2010-07
MAGNUS CINEMA,,6 a 10 personas,CALLE,MOCTEZUMA,332,COLONIA,4,79650,24,SAN LUIS POTOSÍ        ,11,Ciudad Fernández,1,Ciudad Fernández                                                                                              ,226,21.94554506,-100.0180202,2019-11
MAGNUS CINEMA,MAGNUS CINEMA ,6 a 10 personas,CALLE,RIOVERDE SAN CIRO,,COLONIA,PROPIEDAD PRIVADA,79610,24,SAN LUIS POTOSÍ        ,24,Rioverde,1,Rioverde                                                                                                      ,582,21.91546667,-99.98806295,2024-11
154 CINEMEX MAZATLAN TRADICIONAL,OPERADORA DE CINEMAS,11 a 30 personas,AVENIDA,INSURGENTES,1198,COLONIA,BENITO JUÁREZ,82157,25,SINALOA,12,Mazatlán,1,Mazatlán                                                                                                      ,92,23.23565495,-106.4215652,2014-12
187 CINEMEX PASEO LOS MOCHIS TRADICIONAL,OPERADORA DE CINEMAS,31 a 50 personas,BOULEVARD,CENTENARIO,705,COLONIA,PLAZA PASEO LOS MOCHIS,81200,25,SINALOA,1,Ahome,1,Los Mochis                                                                                                    ,417,25.78374601,-109.0040081,2010-07
207 CINEMEX PLAZA CULIACAN TRADICIONAL,OPERADORA DE CINEMAS,11 a 30 personas,BOULEVARD,BENITO JUÁREZ,2151,COLONIA,EL VALLADO ,80110,25,SINALOA,6,Culiacán,1,Culiacán Rosales                                                                                              ,8781,24.7477901,-107.4517476,2023-11
218 CINEMEX PLAZA PABELLON CULIACAN POP,OPERADORA DE CINEMAS,11 a 30 personas,BOULEVARD,FRANCISCO I MADERO,4240,COLONIA,EL BARRIO,80080,25,SINALOA,6,Culiacán,1,Culiacán Rosales                                                                                              ,6304,24.80398902,-107.3440142,2019-11
23 CINEMEX BARRANCOS POP,OPERADORA DE CINEMAS,11 a 30 personas,OTRO(ESPECIFIQUE),BENJAMIN HILL,5720,COLONIA,INFONAVIT BARRANCOS,80190,25,SINALOA,6,Culiacán,1,Culiacán Rosales                                                                                              ,4721,24.74785922,-107.4273923,2019-11
302 CINEMEX VARSOVIA POP,OPERADORA DE CINEMAS,11 a 30 personas,AVENIDA,GABRIEL LEYVA SOLANO,0,COLONIA,AMERICANA,81200,25,SINALOA,1,Ahome,1,Los Mochis                                                                                                    ,347,25.78646652,-108.9970581,2010-07
312 CINEMEX EXPLANADA CULIACAN PREMIUM,OPERADORA DE CINEMAS,11 a 30 personas,AVENIDA,BENITO JUÁREZ,,COLONIA,CULIACAN ROSALES ,80300,25,SINALOA,6,Culiacán,1,Culiacán Rosales                                                                                              ,8781,24.74848268,-107.4518734,2011-03
4 CINEMEX ABASTOS POP,OPERADORA DE CINEMAS,11 a 30 personas,AVENIDA,PATRIA,3140,COLONIA,MERCADO DE ABASTOS,80299,25,SINALOA,6,Culiacán,1,Culiacán Rosales                                                                                              ,5471,24.76946694,-107.3719334,2019-11
54 CINEMEX CUATRO RIOS POP,OPERADORA DE CINEMAS,11 a 30 personas,BOULEVARD,FRANCISCO LABASTIDA OCHOA,1676,COLONIA,TRES RÍOS,80020,25,SINALOA,6,Culiacán,1,Culiacán Rosales                                                                                              ,108,24.81600254,-107.4006074,2014-12
85 CINEMEX FORUM CULIACAN TRADICIONAL,OPERADORA DE CINEMAS,11 a 30 personas,BOULEVARD,FRANCISCO LABASTIDA OCHOA,1676,COLONIA,TRES RÍOS,80000,25,SINALOA,6,Culiacán,1,Culiacán Rosales                                                                                              ,108,24.81600254,-107.4006074,2014-12
91 CINEMEX GALERIAS MAZATLAN PLATINO,OPERADORA DE CINEMAS ,11 a 30 personas,AVENIDA,AVENIDA DEL DELFIN,6204,FRACCIONAMIENTO,MARINA MAZATLÁN,82103,25,SINALOA,12,Mazatlán,1,Mazatlán                                                                                                      ,2192,23.27875054,-106.4473718,2026-04
92 CINEMEX GALERIAS MAZATLAN TRADICIONAL,OPERADORA DE CINEMAS,11 a 30 personas,AVENIDA,AVENIDA DEL DELFÍN,,COLONIA,MARINA MAZATLÁN,82103,25,SINALOA,12,Mazatlán,1,Mazatlán                                                                                                      ,2192,23.27875122,-106.4473717,2019-11
CINEMAS 81,,6 a 10 personas,CALLE,MIGUEL HIDALGO Y COSTILLA,,COLONIA,CENTRO,82400,25,SINALOA,9,Escuinapa,1,Escuinapa de Hidalgo                                                                                          ,003A,22.8346839,-105.7786065,2024-11
CINEMEX,CINEMEX WTC,6 a 10 personas,BOULEVARD,GENERAL BENJAMÍN HILL,5720,FRACCIONAMIENTO,BARRANCOS,,25,SINALOA,6,Culiacán,1,Culiacán Rosales                                                                                              ,4721,24.74720202,-107.427108,2017-11
CINEPOLIS ACAYA MAZATLÁN (SENDERO),EXHIBIDORA MEXICANA CINEPOLIS,51 a 100 personas,AVENIDA,ÓSCAR PÉREZ ESCOBOSA,8201,COLONIA,VENADILLO,82129,25,SINALOA,12,Mazatlán,1,Mazatlán                                                                                                      ,2629,23.27382557,-106.4184424,2016-01
CINEPOLIS CULIACÁN,EXHIBIDORA MEXICANA CINEPOLIS,31 a 50 personas,BOULEVARD,PEDRO INFANTE CRUZ,450,COLONIA,RECURSOS HIDRÁULICOS,80100,25,SINALOA,6,Culiacán,1,Culiacán Rosales                                                                                              ,2265,24.80168901,-107.4133712,2017-03
CINEPOLIS GRAN PLAZA MAZATLÁN,EXHIBIDORA MEXICANA CINEPOLIS,51 a 100 personas,AVENIDA,REFORMA,,COLONIA,ALAMEDA,82123,25,SINALOA,12,Mazatlán,1,Mazatlán                                                                                                      ,1870,23.23891909,-106.4393862,2010-07
CINEPOLIS GUASAVE,EXHIBIDORA MEXICANA CINEPOLIS,11 a 30 personas,CALLE,MIGUEL LEYSON PÉREZ,133,COLONIA,EJIDAL GUASAVE,81020,25,SINALOA,11,Guasave,1,Guasave                                                                                                       ,42,25.58047942,-108.4749648,2023-11
CINEPOLIS MC SANTA ROSA,EXHIBIDORA MEXICANA CINEPOLIS,11 a 30 personas,AVENIDA,LUIS DONALDO COLOSIO MURRIETA,17301,COLONIA,VALLE DORADO,82132,25,SINALOA,12,Mazatlán,1,Mazatlán                                                                                                      ,1404,23.25759696,-106.4067959,2017-03
CINEPOLIS PASEO SAN ISIDRO,EXHIBIDORA MEXICANA CINEPOLIS,11 a 30 personas,CALZADA,DE LAS TORRES,1787,COLONIA,LOMAS DE SAN ISIDRO SECCIÓN CUMBRES DEL SUR,80197,25,SINALOA,6,Culiacán,1,Culiacán Rosales                                                                                              ,790,24.75519678,-107.4017996,2017-03
CINEPOLIS PLAZA AZAHARES,EXHIBIDORA MEXICANA CINEPOLIS,11 a 30 personas,CARRETERA,ESTATAL LIBRE 30 CULIACÁN-ALTATA (CALZADA AL AEROPUERTO),7071,COLONIA,BACHIGUALATO,80130,25,SINALOA,6,Culiacán,1,Culiacán Rosales                                                                                              ,5664,24.77478944,-107.45669,2019-04
CINEPOLIS PUNTO LOS MOCHIS,EXHIBIDORA MEXICANA CINEPOLIS,11 a 30 personas,BOULEVARD,ANTONIO ROSALES,958,COLONIA,AMERICANA,81200,25,SINALOA,1,Ahome,1,Los Mochis                                                                                                    ,347,25.7864241,-109.0026961,2019-04
CINEPOLIS SENDERO CULIACÁN (GANADERA),EXHIBIDORA MEXICANA CINEPOLIS,31 a 50 personas,CALZADA,JOSÉ LIMÓN,2545,COLONIA,CANACO,80059,25,SINALOA,6,Culiacán,1,Culiacán Rosales                                                                                              ,4312,24.82629889,-107.4253726,2020-04
CINEPOLIS SENDERO LOS MOCHIS,EXHIBIDORA MEXICANA CINEPOLIS,31 a 50 personas,BOULEVARD,ANTONIO ROSALES,2300,COLONIA,CIUDAD UNIVERSITARIA UAS,81210,25,SINALOA,1,Ahome,1,Los Mochis                                                                                                    ,27,25.82026788,-108.979226,2019-04
CINEPOLIS VIP CULIACÁN,EXHIBIDORA MEXICANA CINEPOLIS,31 a 50 personas,BOULEVARD,PEDRO INFANTE CRUZ (BOULEVAR CULIACAN),450,COLONIA,RECURSOS HIDRAULICOS,80100,25,SINALOA,6,Culiacán,1,Culiacán Rosales                                                                                              ,2265,24.80144006,-107.4136177,2020-04
CINEPOLIS VIP LA CEIBA,EXHIBIDORA MEXICANA CINEPOLIS,31 a 50 personas,BOULEVARD,PEDRO INFANTE CRUZ (BOULEVAR CULIACAN),3000,COLONIA,RECURSOS HIDRAULICOS,80100,25,SINALOA,6,Culiacán,1,Culiacán Rosales                                                                                              ,4882,24.79811799,-107.4222624,2023-11
CITICINEMAS GALERIAS SAN MIGUEL,GRUPO CINEMAS DEL PACIFICO,31 a 50 personas,BOULEVARD,CERRO MONTE LARGO,1880,COLONIA,COLINAS DE SAN MIGUEL,80228,25,SINALOA,6,Culiacán,1,Culiacán Rosales                                                                                              ,3916,24.78737276,-107.3940124,2010-07
CITICINEMAS GUAMUCHIL,GRUPO CINEMAS DEL PACIFICO,11 a 30 personas,BOULEVARD,ANTONIO ROSALES,1042,COLONIA,MORELOS,81460,25,SINALOA,15,Salvador Alvarado,1,Guamúchil                                                                                                     ,215,25.45332221,-108.0735367,2022-11
CITICINEMAS LA ISLA,GRUPO CINEMAS DEL PACIFICO,51 a 100 personas,CALLE,CANCÚN,1555,FRACCIONAMIENTO,MUSALA,80060,25,SINALOA,6,Culiacán,1,Culiacán Rosales                                                                                              ,1591,24.82307693,-107.3674745,2019-11
OFICINAS GRUPO CINEMAS DEL PACIFICO,GRUPO CINEMAS DEL PACIFICO,31 a 50 personas,BOULEVARD,FRANCISCO LABASTIDA OCHOA,164,COLONIA,TRES RÍOS,80027,25,SINALOA,6,Culiacán,1,Culiacán Rosales                                                                                              ,108,24.81498552,-107.3987836,2014-12
106 CINEMEX GUAYMAS TRADICIONAL,OPERADORA DE CINEMAS,31 a 50 personas,BOULEVARD,LUIS ENCINAS JOHNSON,,COLONIA,SAN BENITO,85448,26,SONORA,30,Hermosillo,1,Hermosillo                                                                                                    ,5433,29.08836583,-110.9654125,2010-07
156 CINEMEX METRO CENTRO HERMOSILLO PREMIUM,OPERADORA DE CINEMAS,31 a 50 personas,AVENIDA,LUIS DONALDO COLOSIO MURRIETA,,COLONIA,PLAZA DE LAS FRANQUICIAS,83200,26,SONORA,30,Hermosillo,1,Hermosillo                                                                                                    ,2941,29.08541122,-110.9851655,2010-07
161 CINEMEX MIRADOR HERMOSILLO TRADICIONAL,OPERADORA DE CINEMAS,11 a 30 personas,BOULEVARD,JOSE MARIA MORELOS ,549,COLONIA,BACHOCO,83148,26,SONORA,30,Hermosillo,1,Hermosillo                                                                                                    ,2458,29.12479258,-110.9513593,2010-07
172 CINEMEX NAVOJOA TRADICIONAL,OPERADORA DE CINEMAS,31 a 50 personas,CALLE,GENERAL IGNACIO PESQUEIRA (PROLONGACIÓN NORTE),807,COLONIA,REFORMA,85830,26,SONORA,42,Navojoa,1,Navojoa                                                                                                       ,1041,27.09152019,-109.4462963,2014-12
192 CINEMEX PASEO SOLIDARIDAD TRADICIONAL,OPERADORA DE CINEMAS,11 a 30 personas,BOULEVARD,SOLIDARIDAD,650,COLONIA,ADOLFO LÓPEZ MATEOS,83130,26,SONORA,30,Hermosillo,1,Hermosillo                                                                                                    ,565A,29.1125184,-110.9926226,2019-11
2 CINEMEX NACOZARI ,OPERADORA DE CINEMAS,6 a 10 personas,CALLE,MONTAÑAS ROCALLOSAS,,COLONIA,AMERICANA,84340,26,SONORA,41,Nacozari de García,1,Nacozari de García                                                                                            ,192,30.37665087,-109.6839336,2014-12
275 CINEMEX SUN MALL HERMOSILLO TRADICIONAL,OPERADORA DE CINEMAS,31 a 50 personas,BOULEVARD,ALFÉREZ JUAN BAUTISTA DE ESCALANTE,507,COLONIA,ALMACEN,83117,26,SONORA,30,Hermosillo,1,Hermosillo                                                                                                    ,6022,29.14458629,-110.9921491,2016-10
3 CINEMEX CANANEA ,OPERADORA DE CINEMAS,11 a 30 personas,OTRO(ESPECIFIQUE),AGUA PRIETA - CANANEA,0,OTRO,PARQUE TAMOSURA,84623,26,SONORA,19,Cananea,1,Heroica Ciudad de Cananea                                                                                     ,755,30.99746374,-110.2540656,2019-11
72 CINEMEX ENCINAS TRADICIONAL,OPERADORA DE CINEMAS,11 a 30 personas,BOULEVARD,JESUS GARCIA MORALES ,2,COLONIA,EL LLANO,83210,26,SONORA,30,Hermosillo,1,Hermosillo                                                                                                    ,2655,29.09381312,-110.9935245,2014-12
CINEMEX,OPERADORA DE CINEMAS,11 a 30 personas,CALLE,NINGUNO,,COLONIA,MIRAMAR,85440,26,SONORA,29,Guaymas,1,Heroica Guaymas                                                                                               ,2796,27.9297229,-110.9250613,2026-04
CINEMEX,OPERADORA DE CINEMAS,6 a 10 personas,BOULEVARD,AGUA PRIETA - CANANEA,0,COLONIA,PARQUE TAMOSURA,84623,26,SONORA,19,Cananea,1,Heroica Ciudad de Cananea                                                                                     ,755,30.99746374,-110.2540656,2026-04
CINEMEX PASEO SOLIDARIDAD,OPERADORA DE CINEMAS,0 a 5 personas,BOULEVARD,SOLIDARIDAD,,COLONIA,LIBERTAD,83130,26,SONORA,30,Hermosillo,1,Hermosillo                                                                                                    ,565A,29.11271915,-110.9926232,2020-11
CINEPOLIS BELLA VISTA,EXHIBIDORA MEXICANA CINEPOLIS,31 a 50 personas,BOULEVARD,RODOLFO ELÍAS CALLES,1750,COLONIA,SORIANA,85130,26,SONORA,18,Cajeme,1,Ciudad Obregón                                                                                                ,1046,27.48280829,-109.9606536,2010-07
CINEPOLIS CABORCA,EXHIBIDORA MEXICANA CINEPOLIS,11 a 30 personas,BOULEVARD,ALVARO OBREGON,382,COLONIA,FRANCISCO VILLA,83650,26,SONORA,17,Caborca,1,Heroica Caborca                                                                                               ,1320,30.70952418,-112.1732104,2019-11
CINEPOLIS DE MEXICO,CINEPOLIS DE MEXICO,31 a 50 personas,AVENIDA,Y,382,COLONIA,INDUSTRIAL,83640,26,SONORA,17,Caborca,1,Heroica Caborca                                                                                               ,1320,30.7088112,-112.1726581,2019-11
CINEPOLIS GALERÍAS MALL SONORA,EXHIBIDORA MEXICANA CINEPOLIS,31 a 50 personas,BOULEVARD,DE LA CULTURA,55,COLONIA,PROYECTO RIO SONORA,83280,26,SONORA,30,Hermosillo,1,Hermosillo                                                                                                    ,3371,29.06710262,-110.9526948,2011-03
CINEPOLIS HERMOSILLO,EXHIBIDORA MEXICANA CINEPOLIS,31 a 50 personas,BOULEVARD,LUIS ENCINAS JOHNSON,2257,COLONIA,SAN BENITO,83190,26,SONORA,30,Hermosillo,1,Hermosillo                                                                                                    ,5433,29.08851957,-110.9658073,2010-07
CINEPOLIS MAGDALENA DE KINO,EXHIBIDORA MEXICANA CINEPOLIS,11 a 30 personas,CALLE,DOCTOR ERNESTO RIVERA MAGALLÓN,102,COLONIA,CENTRO,84160,26,SONORA,36,Magdalena,1,Magdalena de Kino                                                                                             ,402,30.62513244,-110.9715851,2023-11
CINEPOLIS NOGALES,EXHIBIDORA MEXICANA CINEPOLIS,51 a 100 personas,BOULEVARD,ARCADIA,45,COLONIA,EL GRECO,84066,26,SONORA,43,Nogales,1,Heroica Nogales                                                                                               ,407,31.28977903,-110.9409418,2010-07
CINEPOLIS PLAZA DE HIERRO NAVOJOA,EXHIBIDORA MEXICANA CINEPOLIS,11 a 30 personas,BOULEVARD,CENTENARIO,103,COLONIA,REFORMA,85830,26,SONORA,42,Navojoa,1,Navojoa                                                                                                       ,1041,27.08913461,-109.4478014,2023-11
CINEPOLIS REAL CENTER PUERTO PEÑASCO,EXHIBIDORA MEXICANA CINEPOLIS,11 a 30 personas,BOULEVARD,BENITO JUÁREZ GARCÍA,361,COLONIA,LOPEZ PORTILLO,83552,26,SONORA,48,Puerto Peñasco,1,Puerto Peñasco                                                                                                ,2151,31.33880413,-113.5258041,2023-11
CINEPOLIS SAN LUIS RÍO COLORADO,EXHIBIDORA MEXICANA CINEPOLIS,31 a 50 personas,AVENIDA,COLIMA,2508,COLONIA,CAMPESTRE,83499,26,SONORA,55,San Luis Río Colorado,1,San Luis Río Colorado                                                                                         ,751,32.44782129,-114.7618468,2010-07
CINEPOLIS SENDERO HERMOSILLO,EXHIBIDORA MEXICANA CINEPOLIS,31 a 50 personas,BOULEVARD,DE LOS GANADORES,1274,COLONIA,PERISUR,83290,26,SONORA,30,Hermosillo,1,Hermosillo                                                                                                    ,2744,29.03265217,-110.9396096,2010-07
CINEPOLIS SENDERO OBREGÓN,EXHIBIDORA MEXICANA CINEPOLIS,31 a 50 personas,BOULEVARD,RENO OTE,2101,COLONIA,CENTRAL DE ABASTOS,85099,26,SONORA,18,Cajeme,1,Ciudad Obregón                                                                                                ,1099,27.46769352,-109.9125609,2019-04
CINEPOLIS VIP GALERÍAS MALL SONORA,EXHIBIDORA MEXICANA CINEPOLIS,31 a 50 personas,BOULEVARD,CULTURA,55,COLONIA,PROYECTO RIO SONORA,83280,26,SONORA,30,Hermosillo,1,Hermosillo                                                                                                    ,3371,29.06718295,-110.9539953,2020-04
OPERADORA DE AGUA PRIETA CINEMALL SA DE CV,,31 a 50 personas,CALLE,FEDERAL NUMERO 2,,COLONIA,EJIDAL II,84269,26,SONORA,2,Agua Prieta,1,Agua Prieta                                                                                                   ,1563,31.3143402,-109.5473823,2010-07
105 CINEMEX GUAYABAL TRADICIONAL,OPERADORA DE CINEMAS,11 a 30 personas,PERIFERICO,CARLOS PELLICER CÁMARA,205,COLONIA,GUAYABAL,86090,27,TABASCO,4,Centro,1,Villahermosa                                                                                                  ,846,17.97254486,-92.9236748,2014-12
28 CINEMEX CARDENAS TRADICIONAL,OPERADORA DE CINEMAS,31 a 50 personas,PROLONGACION,PERIFÉRICO,589,COLONIA,RANCHERIA,86500,27,TABASCO,2,Cárdenas,1,Cárdenas                                                                                                      ,1337,17.97571377,-93.37645806,2014-12
44 CINEMEX CITY CENTEVILLAHERMOSA PREMIUM,OPERADORA DE CINEMAS,11 a 30 personas,AVENIDA,CÁRDENAS-HUIMANGUILLO,1107,COLONIA,CENTRO,86597,27,TABASCO,8,Huimanguillo,1,Huimanguillo                                                                                                  ,652,17.83324669,-93.39783521,2019-11
53 CINEMEX CRYSTAL VILLAHERMOSA POP,OPERADORA DE CINEMAS,11 a 30 personas,AVENIDA,QUINTIN ARAUZ CARRILLO,0,COLONIA,ATASTA DE SERRA,86100,27,TABASCO,4,Centro,1,Villahermosa                                                                                                  ,831,17.98005822,-92.93991663,2025-04
7 CINEMEX ALTABRISA PLATINO,OPERADORA DE CINEMAS,11 a 30 personas,PERIFERICO,CARLOS PELLICER CÁMARA,501,COLONIA,PLUTARCO ELIAS CALLES,86190,27,TABASCO,4,Centro,1,Villahermosa                                                                                                  ,2344,17.96775555,-92.94104179,2013-07
8 CINEMEX ALTABRISA TRADICIONAL,OPERADORA DE CINEMAS,31 a 50 personas,PERIFERICO,CARLOS PELLICER CÁMARA,501,COLONIA,PLUTARCO ELIAS CALLES,86190,27,TABASCO,4,Centro,1,Villahermosa                                                                                                  ,2344,17.96775555,-92.94104179,2025-04
CINEPOLIS AMERICAS VILLAHERMOSA,EXHIBIDORA MEXICANA CINEPOLIS,31 a 50 personas,AVENIDA,PROFESOR RAMÓN MENDOZA HERRERA,102,COLONIA,EL RECREO,86029,27,TABASCO,4,Centro,1,Villahermosa                                                                                                  ,190A,18.01405612,-92.92026517,2010-07
CINEPOLIS CHEDRAUI MACUSPANA,EXHIBIDORA MEXICANA CINEPOLIS,11 a 30 personas,CALLE,BENITO JUÁREZ GARCÍA,,COLONIA,CENTRO,86706,27,TABASCO,12,Macuspana,1,Macuspana                                                                                                     ,513,17.76324858,-92.58872421,2010-07
CINEPOLIS MC COMALCALCO,EXHIBIDORA MEXICANA CINEPOLIS,11 a 30 personas,BOULEVARD,ADOLFO LÓPEZ MATEOS,102,COLONIA,CENTRO,86340,27,TABASCO,5,Comalcalco,1,Comalcalco                                                                                                    ,59,18.26723226,-93.22040661,2012-06
CINEPOLIS MC SAN JOAQUÍN,EXHIBIDORA MEXICANA CINEPOLIS,11 a 30 personas,AVENIDA,CARLOS PELLICER CÁMARA,1059,COLONIA,18 DE MARZO,86140,27,TABASCO,4,Centro,1,Villahermosa                                                                                                  ,899,17.96950524,-92.9692919,2014-12
CINEPOLIS PLAZA CRYSTAL PARAÍSO,EXHIBIDORA MEXICANA CINEPOLIS,11 a 30 personas,BOULEVARD,MANUEL A ROMERO ZURITA,1,COLONIA,LA CEIBA,86605,27,TABASCO,14,Paraíso,1,Paraíso                                                                                                       ,170,18.39832867,-93.20744737,2016-01
CINEPOLIS PLAZA CUNDUACAN,EXHIBIDORA MEXICANA CINEPOLIS,11 a 30 personas,AVENIDA,PERIFÉRICO,52,COLONIA,CENTRO,86690,27,TABASCO,6,Cunduacán,1,Cunduacán                                                                                                     ,179,18.06720342,-93.17697038,2018-03
CINEPOLIS PLAZA DEPORTIVA,EXHIBIDORA MEXICANA CINEPOLIS,31 a 50 personas,AVENIDA,HERÓICO COLEGIO MILITAR,,COLONIA,ATASTA DE SERRA,86100,27,TABASCO,4,Centro,1,Villahermosa                                                                                                  ,831,17.9789356,-92.94232728,2011-03
CINEPOLIS SENDERO VILLAHERMOSA,EXHIBIDORA MEXICANA CINEPOLIS,31 a 50 personas,PERIFERICO,CARLOS PELLICER CÁMARA,1020,COLONIA,JOSE MARIA PINO SUAREZ,86029,27,TABASCO,4,Centro,1,Villahermosa                                                                                                  ,190A,18.02085385,-92.91246412,2014-12
CINEPOLIS VILLAHERMOSA,EXHIBIDORA MEXICANA CINEPOLIS,51 a 100 personas,BOULEVARD,ADOLFO RUÍZ CORTINES,1840,COLONIA,EL CARRIZAL,86108,27,TABASCO,4,Centro,1,Villahermosa                                                                                                  ,1562,17.98791663,-92.96497762,2020-04
CINEPOLIS VIP VILLAHERMOSA,EXHIBIDORA MEXICANA CINEPOLIS,31 a 50 personas,BOULEVARD,ADOLFO RUÍZ CORTINES,1840,COLONIA,EL CARRIZAL,86108,27,TABASCO,4,Centro,1,Villahermosa                                                                                                  ,1562,17.98801599,-92.9660584,2010-07
CINESTAR,,6 a 10 personas,AVENIDA,EDUARDO PAYRO,104,COLONIA,CENTRO,86800,27,TABASCO,16,Teapa,1,Teapa                                                                                                         ,194,17.55154339,-92.95146095,2024-05
CINESTARS,JOEL TORRES,11 a 30 personas,AVENIDA,CORONEL GREGORIO MENDEZ MAGAÑA,220,COLONIA,CENTRO,86800,27,TABASCO,16,Teapa,1,Teapa                                                                                                         ,137,17.55164756,-92.95195057,2014-12
153 CINEMEX MATAMOROS TRADICIONAL,OPERADORA DE CINEMAS,11 a 30 personas,AVENIDA,LAURO VILLAR,1203,COLONIA,ARBOLEDAS,87440,28,TAMAULIPAS,22,Matamoros,1,Heroica Matamoros                                                                                             ,1353,25.86307926,-97.47825506,2010-07
190 CINEMEX PASEO RIO BRAVO TRADICIONAL,OPERADORA DE CINEMAS,11 a 30 personas,AVENIDA,FCO I MADERO (BOULEVAR MIGUEL HIDALGO) (BOULEVAR MIGUEL HIDALGO),2000,ZONA INDUSTRIAL,RÍO BRAVO SECCIÓN 2,88960,28,TAMAULIPAS,33,Río Bravo,1,Ciudad Río Bravo                                                                                              ,058A,25.98552418,-98.09125752,2014-12
222 CINEMEX PLAZA REAL REYNOSA PREMIUM,OPERADORA DE CINEMAS,31 a 50 personas,BOULEVARD,MIGUEL HIDALGO Y COSTILLA (CARRETERA FEDERAL NÚMERO 40 A MONTERREY),101,COLONIA,LAS FUENTES,88710,28,TAMAULIPAS,32,Reynosa,1,Reynosa                                                                                                       ,128A,26.07460917,-98.31960713,2014-12
277 CINEMEX TAMPICO TRADICIONAL,OPERADORA DE CINEMAS,31 a 50 personas,DIAGONAL,SUR-NORTE,1101,COLONIA,TAMPICO,89130,28,TAMAULIPAS,38,Tampico,1,Tampico                                                                                                       ,105,22.25401724,-97.86203382,2014-12
309 CINEMEX ZONA DORADA TRADICIONAL,OPERADORA DE CINEMAS,11 a 30 personas,CALLE,CRISTÓBAL COLÓN,,COLONIA,DEL PRADO ZONA DORADA,88530,28,TAMAULIPAS,32,Reynosa,1,Reynosa                                                                                                       ,1133,26.08571797,-98.27032842,2010-07
33 CINEMEX CD MANTE TRADICIONAL,OPERADORA DE CINEMAS,11 a 30 personas,AVENIDA,VICENTE GUERRERO,900,COLONIA,ZONA CENTRO,89800,28,TAMAULIPAS,21,El Mante,1,Ciudad Mante                                                                                                  ,324,22.7414064,-98.9608989,2010-07
36 CINEMEX CD VICTORIA TRADICIONAL,OPERADORA DE CINEMAS,11 a 30 personas,CALLE,TAMAULIPAS,2030,COLONIA,CENTRO COMERCIAL SORIANA PALMAS,87040,28,TAMAULIPAS,41,Victoria,1,Ciudad Victoria                                                                                               ,076A,23.75046833,-99.14211015,2014-12
63 CINEMEX DOS LAREDOS TRADICIONAL,OPERADORA DE CINEMAS,11 a 30 personas,CALLE,15 DE SEPTIEMBRE,3553,COLONIA,CAMPESTRE,88280,28,TAMAULIPAS,27,Nuevo Laredo,1,Nuevo Laredo                                                                                                  ,1542,27.45832485,-99.51260269,2010-07
CINE OLIMPIA,,0 a 5 personas,CALLE,TAMAULIPAS,400,COLONIA,CENTRO,89000,28,TAMAULIPAS,38,Tampico,1,Tampico                                                                                                       ,393,22.21802825,-97.85504547,2010-07
CINEBOX AEROPUERTO TAMPICO,CINEMAS DE TAMPICO,11 a 30 personas,CARRETERA,MIGUEL HIDALGO Y COSTILLA (CARRETERA FEDERAL NÚMERO 80),6905,COLONIA,FRANCISCO JAVIER MINA,89318,28,TAMAULIPAS,38,Tampico,1,Tampico                                                                                                       ,938,22.29903353,-97.87808207,2014-12
CINEMAS DE VALLE HERMOSO,CINEMAS DE VALLE HERMOSO,6 a 10 personas,CALLE,MIGUEL HIDALGO Y COSTILLA,495,COLONIA,ZONA CENTRO,87500,28,TAMAULIPAS,40,Valle Hermoso,1,Valle Hermoso                                                                                                 ,476,25.67325422,-97.81206905,2010-07
CINEPOLIS ALTAMA TAMPICO,EXHIBIDORA MEXICANA CINEPOLIS,51 a 100 personas,AVENIDA,EJÉRCITO MEXICANO,708,COLONIA,PRIMAVERA,89130,28,TAMAULIPAS,38,Tampico,1,Tampico                                                                                                       ,177,22.25016534,-97.86482077,2019-11
CINEPOLIS DEL RÍO PLAZA COMERCIAL,EXHIBIDORA MEXICANA CINEPOLIS,31 a 50 personas,BOULEVARD,MORELOS,,COLONIA,ANTONIO J BERMUDEZ,88727,28,TAMAULIPAS,32,Reynosa,1,Reynosa                                                                                                       ,1576,26.05687432,-98.29309456,2014-12
CINEPOLIS LAS ADELITAS,EXHIBIDORA MEXICANA CINEPOLIS,31 a 50 personas,CALLE,JESUS ELIAS PIÑA,525,COLONIA,FIDEL VELÁZQUEZ SÁNCHEZ,87049,28,TAMAULIPAS,41,Victoria,1,Ciudad Victoria                                                                                               ,1753,23.74960454,-99.15732934,2019-04
CINEPOLIS MC PLAZA CITADINA REYNOSA,EXHIBIDORA MEXICANA CINEPOLIS,11 a 30 personas,CARRETERA,FEDERAL LIBRE 97 LAS URRACAS-T.C. MATAMOROS-REYNOSA,500,COLONIA,ESTIVA ALCALA,88796,28,TAMAULIPAS,32,Reynosa,1,Reynosa                                                                                                       ,3695,26.00840497,-98.27646836,2014-12
CINEPOLIS MÉXICO,EXHIBIDORA MEXICANA CINEPOLIS,11 a 30 personas,CALLE,FRANCISCO I MADERO,2810,COLONIA,CENTRO,88000,28,TAMAULIPAS,27,Nuevo Laredo,1,Nuevo Laredo                                                                                                  ,309,27.48764145,-99.50718667,2010-07
CINEPOLIS MULTIPLAZA REAL TAMPICO,EXHIBIDORA MEXICANA CINEPOLIS,11 a 30 personas,AVENIDA,MONTERREY,201,COLONIA,ESFUERZO OBRERO,89316,28,TAMAULIPAS,38,Tampico,1,Tampico                                                                                                       ,552,22.31472355,-97.86734494,2026-04
CINEPOLIS PASEO REFORMA,EXHIBIDORA MEXICANA CINEPOLIS,51 a 100 personas,AVENIDA,REFORMA,5601,COLONIA,CENTRO COMERCIAL REFORMA,88275,28,TAMAULIPAS,27,Nuevo Laredo,1,Nuevo Laredo                                                                                                  ,1580,27.44650399,-99.52036912,2017-03
CINEPOLIS PLAZA CAMPESTRE,EXHIBIDORA MEXICANA CINEPOLIS,31 a 50 personas,BOULEVARD,TAMAULIPAS,3262,FRACCIONAMIENTO,VILLARREAL,87027,28,TAMAULIPAS,41,Victoria,1,Ciudad Victoria                                                                                               ,469,23.76330429,-99.13986162,2010-07
CINEPOLIS PLAZA FIESTA (MATAMOROS),EXHIBIDORA MEXICANA CINEPOLIS,51 a 100 personas,AVENIDA,PEDRO CÁRDENAS GUTIÉRREZ,110,FRACCIONAMIENTO,VICTORIA,87390,28,TAMAULIPAS,22,Matamoros,1,Heroica Matamoros                                                                                             ,1508,25.84976302,-97.50591511,2017-03
CINEPOLIS PLAZA PERIFÉRICO,EXHIBIDORA MEXICANA CINEPOLIS,51 a 100 personas,CARRETERA,FEDERAL LIBRE 10 LIBRAMIENTO DE REYNOSA (MATAMOROS-MONTERREY) MARGEN IZQUIERDO,1000,COLONIA,LOMAS DEL REAL DE JARINCHINAS,88730,28,TAMAULIPAS,32,Reynosa,1,Reynosa                                                                                                       ,2362,26.0553211,-98.36845551,2012-06
CINEPOLIS SENDERO MATAMOROS,EXHIBIDORA MEXICANA CINEPOLIS,31 a 50 personas,AVENIDA,CONSTITUYENTES,300,COLONIA,QUINTA REAL,87315,28,TAMAULIPAS,22,Matamoros,1,Heroica Matamoros                                                                                             ,3044,25.85547069,-97.5361878,2010-07
CINEPOLIS TAMPICO,EXHIBIDORA MEXICANA CINEPOLIS,51 a 100 personas,AVENIDA,MIGUEL HIDALGO Y COSTILLA,5107,COLONIA,FLAMBOYANES,89330,28,TAMAULIPAS,38,Tampico,1,Tampico                                                                                                       ,1071,22.27248169,-97.87447338,2010-07
CINEPOLIS VIP ALTAMA TAMPICO,EXHIBIDORA MEXICANA CINEPOLIS,31 a 50 personas,BOULEVARD,EJÉRCITO MEXICANO,708,COLONIA,PRIMAVERA,89130,28,TAMAULIPAS,38,Tampico,1,Tampico                                                                                                       ,177,22.25016697,-97.86481475,2017-03
CINEPOLIS VIP PLAZA PERIFÉRICO,EXHIBIDORA MEXICANA CINEPOLIS,31 a 50 personas,CARRETERA,FEDERAL LIBRE 10 LIBRAMIENTO DE REYNOSA (MATAMOROS-MONTERREY) MARGEN IZQUIERDO,1000,COLONIA,LOMAS DEL REAL DE JARINCHINAS,88730,28,TAMAULIPAS,32,Reynosa,1,Reynosa                                                                                                       ,2362,26.05360798,-98.36715765,2020-04
MULTI CINEMAS AZTECA,MULTICINEMAS AZTECA 5,31 a 50 personas,AVENIDA,FRANCISCO I MADERO,,COLONIA,RÍO BRAVO SECCIÓN 2,88900,28,TAMAULIPAS,33,Río Bravo,1,Ciudad Río Bravo                                                                                              ,058A,25.98554679,-98.09134346,2010-07
98 CINEMEX GALERIAS TLAXCALA PREMIUM,OPERADORA DE CINEMAS,31 a 50 personas,CARRETERA,LIBRAMIENTO DE TLAXCALA,8238,LOCALIDAD,SAN SEBASTIAN ATLAHAPA,90111,29,TLAXCALA,33,Tlaxcala,15,San Sebastián Atlahapa                                                                                        ,1008,19.29001875,-98.23207594,2023-11
CINE CINETIX APIZACO,,0 a 5 personas,BOULEVARD,EMILIO SANCHEZ PIEDRAS,409,COLONIA,CENTRO,90300,29,TLAXCALA,5,Apizaco,1,Ciudad de Apizaco                                                                                             ,382,19.41827199,-98.13763905,2019-11
CINEMAS CALPULALPAN,,0 a 5 personas,AVENIDA,JOSE MARIA MORELOS,24,COLONIA,CENTRO,90200,29,TLAXCALA,6,Calpulalpan,1,Heroica Ciudad de Calpulalpan                                                                                 ,125,19.58707301,-98.56830652,2024-11
CINEPOLIS GRAN PATIO TLAXCALA,EXHIBIDORA MEXICANA CINEPOLIS,11 a 30 personas,CARRETERA,FEDERAL LIBRE 121 PUEBLA-BELEM,3,COLONIA,TLATEMPAN,90610,29,TLAXCALA,2,Apetatitlán de Antonio Carvajal,1,Apetatitlán                                                                                                   ,37,19.33937095,-98.19905793,2014-12
CINEPOLIS PARQUE VÉRTICE TLAXCALA,EXHIBIDORA MEXICANA CINEPOLIS,31 a 50 personas,BOULEVARD,GUILLERMO VALLE,111,COLONIA,TLAXCALA CENTRO,90000,29,TLAXCALA,33,Tlaxcala,1,Tlaxcala de Xicohténcatl                                                                                      ,531,19.32409814,-98.2311917,2023-11
CINEPOLIS PLAZA COMERCIAL APIZACO,EXHIBIDORA MEXICANA CINEPOLIS,31 a 50 personas,PROLONGACION,16 DE SEPTIEMBRE,2407,ZONA FEDERAL,LA CIENEGA,90347,29,TLAXCALA,5,Apizaco,1,Ciudad de Apizaco                                                                                             ,414,19.41263789,-98.13319526,2014-12
CINETIX,,6 a 10 personas,CARRETERA,OCOTLÁN,20,COLONIA,VISTA HERMOSA,90014,29,TLAXCALA,33,Tlaxcala,8,Ocotlán                                                                                                       ,692,19.31704826,-98.22042378,2019-11
SALA DE CINE MIGUEL N LIRA,COORDINACION DE RADIO CINE Y TELEVISION,6 a 10 personas,CALLE,CAMINO REAL,,LOCALIDAD,SANTA MARIA IXTULCO,90105,29,TLAXCALA,33,Tlaxcala,17,Santa María Ixtulco                                                                                           ,1116,19.32890089,-98.21758042,2010-07
132 CINEMEX LAS PALMAS TRADICIONAL,OPERADORA DE CINEMAS,31 a 50 personas,AVENIDA,MIGUEL ANGEL DE QUEVEDO,3852,COLONIA,CRISTOBAL COLON,91755,30,VERACRUZ DE IGNACIO DE LA LLAVE,193,Veracruz,1,Veracruz                                                                                                      ,152,19.19590525,-96.15522923,2014-12
14 CINEMEX ANDAMAR TRADICIONAL,OPERADORA DE CINEMAS,11 a 30 personas,BOULEVARD,ADOLFO RUIZ CORTINES,4300,COLONIA,PREDIO URBANO MOCAMBO COLLADO BOTICARIA,94293,30,VERACRUZ DE IGNACIO DE LA LLAVE,28,Boca del Río,37,Veracruz                                                                                                      ,233,19.16093344,-96.10907728,2010-07
173 CINEMEX NUEVO VERACRUZ TRADICIONAL,OPERADORA DE CINEMAS,11 a 30 personas,CARRETERA,NINGUNO,835,COLONIA,EX HACIENDA BUENA VISTA,91697,30,VERACRUZ DE IGNACIO DE LA LLAVE,193,Veracruz,241,Nuevo Veracruz                                                                                                ,380A,19.17218741,-96.19125454,2019-11
229 CINEMEX POZA RICA TRADICIONAL,OPERADORA DE CINEMAS,11 a 30 personas,AVENIDA,PROL PUEBLA,502,COLONIA,PALMA SOLA,93320,30,VERACRUZ DE IGNACIO DE LA LLAVE,131,Poza Rica de Hidalgo,1,Poza Rica de Hidalgo                                                                                          ,910,20.54351821,-97.46796026,2010-07
271 CINEMEX SORIANA CORDOBA TRADICIONAL,OPERADORA DE CINEMAS,31 a 50 personas,CARRETERA,CÓRDOBA A PEÑUELA,3511,COLONIA,ZONA INDUSTRIAL,94690,30,VERACRUZ DE IGNACIO DE LA LLAVE,44,Córdoba,1,Córdoba                                                                                                       ,487,18.88257589,-96.92264987,2014-12
272 CINEMEX SORIANA MINATITLAN TRADICIONAL,OPERADORA DE CINEMAS,11 a 30 personas,BOULEVARD,INSTITUTO TECNOLÓGICO,24,COLONIA,INSURGENTES NORTE,96710,30,VERACRUZ DE IGNACIO DE LA LLAVE,108,Minatitlán,1,Minatitlán                                                                                                    ,1130,17.99275851,-94.57522545,2010-07
68 CINEMEX EL PALMAR TRADICIONAL,OPERADORA DE CINEMAS,11 a 30 personas,AVENIDA,AVENIDA DE LAS PALMAS,101,COLONIA,PENSIONES DEL ESTADO,96523,30,VERACRUZ DE IGNACIO DE LA LLAVE,39,Coatzacoalcos,1,Coatzacoalcos                                                                                                 ,188A,18.14345871,-94.47283716,2010-07
70 CINEMEX EL PATIO POZA RICA TRADICIONAL,OPERADORA DE CINEMAS,11 a 30 personas,CARRETERA,CARRETERA A CAZONES DE HERRERA,0,COLONIA,LA RUEDA,93306,30,VERACRUZ DE IGNACIO DE LA LLAVE,131,Poza Rica de Hidalgo,1,Poza Rica de Hidalgo                                                                                          ,1162,20.56897602,-97.43421246,2014-12
82 CINEMEX FORUM COATZACOALCOS PLATINO,OPERADORA DE CINEMAS,11 a 30 personas,AVENIDA,JAVIER ANAYA VILLAZÓN,5,COLONIA,EL TESORO,96536,30,VERACRUZ DE IGNACIO DE LA LLAVE,39,Coatzacoalcos,1,Coatzacoalcos                                                                                                 ,383,18.14262857,-94.48702041,2016-10
83 CINEMEX FORUM COATZACOALCOS TRADICIONAL,OPERADORA DE CINEMAS,31 a 50 personas,AVENIDA,ANTIGUA A MINATITLÁN,,COLONIA,EL TESORO,96536,30,VERACRUZ DE IGNACIO DE LA LLAVE,39,Coatzacoalcos,1,Coatzacoalcos                                                                                                 ,383,18.13946486,-94.48797345,2025-04
CAFETERIA VALHALLA,,0 a 5 personas,AVENIDA,JOSE MARIA MORELOS Y PAVON,42,COLONIA,CENTRO,91240,30,VERACRUZ DE IGNACIO DE LA LLAVE,92,Xico,1,Xico                                                                                                          ,179,19.42255351,-97.01266207,2026-04
CINE CINEPOLIS,EXHIBIDORA MEXICANA CINEPOLIS,31 a 50 personas,AVENIDA,SALVADOR DIAZ MIRON,2069,COLONIA,CENTRO,91700,30,VERACRUZ DE IGNACIO DE LA LLAVE,193,Veracruz,1,Veracruz                                                                                                      ,400,19.17526516,-96.13457483,2026-04
CINE PARA ADULTOS SALA PARIS,,0 a 5 personas,CALLE,VICTIMAS DEL 25 DE JUNIO,110,BARRIO,LA HUACA,91700,30,VERACRUZ DE IGNACIO DE LA LLAVE,193,Veracruz,1,Veracruz                                                                                                      ,256,19.19523356,-96.13451996,2024-11
CINE SIN NOMBRE,,0 a 5 personas,CALLE,FRANCISCO I MADERO NORTE,961,COLONIA,CENTRO,94303,30,VERACRUZ DE IGNACIO DE LA LLAVE,118,Orizaba,1,Orizaba                                                                                                       ,425,18.85656901,-97.10831923,2023-11
CINE TEATRO PREMIER,,0 a 5 personas,CALLE,SUR 10,125,COLONIA,ESCANDON,94370,30,VERACRUZ DE IGNACIO DE LA LLAVE,118,Orizaba,1,Orizaba                                                                                                       ,213,18.84030864,-97.10693289,2010-07
CINEBOX,EL CINE NOS MUEVE,11 a 30 personas,CALLE,PEDRO GARCIA,,COLONIA,CENTRO,95108,30,VERACRUZ DE IGNACIO DE LA LLAVE,174,Tierra Blanca,1,Tierra Blanca                                                                                                 ,227,18.45546768,-96.36047971,2026-04
CINEBOX DIVER PLAZA,CINE NOS MUEVE,6 a 10 personas,CALLE,FIDEL VELAZQUEZ,526,FRACCIONAMIENTO,LOMAS DE RIO MEDIO II,91809,30,VERACRUZ DE IGNACIO DE LA LLAVE,193,Veracruz,1,Veracruz                                                                                                      ,3000,19.21400684,-96.20248541,2026-04
CINEBOX PAPANTLA,CINE NOS MUEVE,6 a 10 personas,CALLE,16 DE SEPTIEMBRE,803,COLONIA,BARRIO DE ZAPOTE,93400,30,VERACRUZ DE IGNACIO DE LA LLAVE,124,Papantla,1,Papantla de Olarte                                                                                            ,757,20.44482392,-97.33035298,2023-11
CINEBOX PLAZA COYOL,CINE NOS MUEVE,6 a 10 personas,AVENIDA,EJE 1 PONIENTE,924,COLONIA,PALMAS DEL COYOL,91779,30,VERACRUZ DE IGNACIO DE LA LLAVE,193,Veracruz,1,Veracruz                                                                                                      ,2178,19.16457755,-96.15423311,2023-11
CINEBOX POZA RICA,CINE NOS MUEVE,6 a 10 personas,CALLE,UNIÓN,,COLONIA,HIDALGO,93310,30,VERACRUZ DE IGNACIO DE LA LLAVE,131,Poza Rica de Hidalgo,1,Poza Rica de Hidalgo                                                                                          ,41,20.54836341,-97.45171457,2014-12
CINECITO,,0 a 5 personas,CALLE,VENUSTIANO CARRANZA,,COLONIA,CENTRO,92660,30,VERACRUZ DE IGNACIO DE LA LLAVE,27,Benito Juárez,1,Benito Juárez                                                                                                 ,43,20.88582123,-98.20675079,2025-04
CINEMA NAHUAL,,0 a 5 personas,CALLE,JOSE AZUETA,14,COLONIA,CENTRO,91000,30,VERACRUZ DE IGNACIO DE LA LLAVE,87,Xalapa,1,Xalapa-Enríquez                                                                                               ,145,19.52989921,-96.92568407,2024-11
CINEMA SALA PARIS,JESUS FUENTES,0 a 5 personas,AVENIDA,AVENIDA DE LAS AMÉRICAS,299,COLONIA,JOSE CARDEL,91030,30,VERACRUZ DE IGNACIO DE LA LLAVE,87,Xalapa,1,Xalapa-Enríquez                                                                                               ,94,19.5368937,-96.91417706,2025-04
CINEMAS TLAHUAC,EXHIBICION ALTERNATIVA,0 a 5 personas,CALLE,JOSÉ MARÍA PINO SUÁREZ,,COLONIA,SAN ANDRES TUXTLA CENTRO,95700,30,VERACRUZ DE IGNACIO DE LA LLAVE,141,San Andrés Tuxtla,1,San Andrés Tuxtla                                                                                             ,018A,18.44966257,-95.21164791,2010-07
CINEPOLIS ACAYA COATZACOALCOS (SENDERO),EXHIBIDORA MEXICANA CINEPOLIS,31 a 50 personas,AVENIDA,DOCTOR JOSÉ LEMARROY CARRIÓN,45,COLONIA,PUERTO MEXICO,96510,30,VERACRUZ DE IGNACIO DE LA LLAVE,39,Coatzacoalcos,1,Coatzacoalcos                                                                                                 ,1979,18.14440553,-94.51240491,2016-01
CINEPOLIS AMERICAS VERACRUZ,EXHIBIDORA MEXICANA CINEPOLIS,51 a 100 personas,AVENIDA,EJÉRCITO MEXICANO (DE LAS AMÉRICAS),,COLONIA,COLLADO Y BOITICARIA (LAS AMÉRICAS),94298,30,VERACRUZ DE IGNACIO DE LA LLAVE,28,Boca del Río,37,Veracruz                                                                                                      ,657,19.14087257,-96.10626212,2020-04
CINEPOLIS CHEDRAUI MARTÍNEZ DE LA TORRE,EXHIBIDORA MEXICANA CINEPOLIS,11 a 30 personas,BOULEVARD,ALFINIO FLORES BELTRÁN,903,COLONIA,ADOLFO RUIZ CORTINES,93607,30,VERACRUZ DE IGNACIO DE LA LLAVE,102,Martínez de la Torre,1,Martínez de la Torre                                                                                          ,266,20.07108497,-97.06336273,2014-12
CINEPOLIS EL DORADO,EXHIBIDORA MEXICANA CINEPOLIS,11 a 30 personas,CARRETERA,FEDERAL LIBRE RAMAL ANTÓN LIZARDO,4405,COLONIA,SAN JOSE,94290,30,VERACRUZ DE IGNACIO DE LA LLAVE,28,Boca del Río,62,Residencial el Dorado                                                                                         ,17,19.09405293,-96.10337134,2020-04
CINEPOLIS EL DORADO COATZACOALCOS,EXHIBIDORA MEXICANA CINEPOLIS,11 a 30 personas,CARRETERA,FEDERAL LIBRE 172 COATZACOALCOS-VERACRUZ,,COLONIA,LAS GAVIOTAS,96536,30,VERACRUZ DE IGNACIO DE LA LLAVE,39,Coatzacoalcos,1,Coatzacoalcos                                                                                                 ,1574,18.13729611,-94.50050942,2010-07
CINEPOLIS LA FLORIDA,EXHIBIDORA MEXICANA CINEPOLIS,11 a 30 personas,CARRETERA,TRANSISTMICA,,COLONIA,SAN JOSE OLUTA,96160,30,VERACRUZ DE IGNACIO DE LA LLAVE,3,Acayucan,1,Acayucan                                                                                                      ,338,17.93840729,-94.90853945,2016-01
CINEPOLIS MINATITLÁN,EXHIBIDORA MEXICANA CINEPOLIS,31 a 50 personas,BOULEVARD,INSTITUTO TECNOLÓGICO,,COLONIA,INSURGENTES SUR,96710,30,VERACRUZ DE IGNACIO DE LA LLAVE,108,Minatitlán,1,Minatitlán                                                                                                    ,1130,17.99278582,-94.57534565,2010-07
CINEPOLIS PLAZA CRYSTAL TUXPAN,EXHIBIDORA MEXICANA CINEPOLIS,31 a 50 personas,CALLE,DEMETRIO RUÍZ MALERVA,283,COLONIA,ZAPOTE GORDO,92860,30,VERACRUZ DE IGNACIO DE LA LLAVE,189,Tuxpan,1,Túxpam de Rodríguez Cano                                                                                      ,319,20.94922877,-97.42017228,2010-07
CINEPOLIS PLAZA CRYSTAL XALAPA,EXHIBIDORA MEXICANA CINEPOLIS,31 a 50 personas,AVENIDA,LAZARO CARDENAS,0,COLONIA,ENCINAL,91150,30,VERACRUZ DE IGNACIO DE LA LLAVE,87,Xalapa,1,Xalapa-Enríquez                                                                                               ,126,19.53867775,-96.90766683,2010-07
CINEPOLIS PLAZA DEL PUERTO,EXHIBIDORA MEXICANA CINEPOLIS,51 a 100 personas,CALLE,DOCTOR RAFAEL CUERVO X,1150,COLONIA,ASTILLEROS,91850,30,VERACRUZ DE IGNACIO DE LA LLAVE,193,Veracruz,1,Veracruz                                                                                                      ,1555,19.21489027,-96.18829664,2017-03
CINEPOLIS PLAZA LAS AMÉRICAS (XALAPA),EXHIBIDORA MEXICANA CINEPOLIS,51 a 100 personas,CARRETERA,XALAPA VERACRUZ,680,COLONIA,PASTORESA,91193,30,VERACRUZ DE IGNACIO DE LA LLAVE,87,Xalapa,1,Xalapa-Enríquez                                                                                               ,1904,19.51338204,-96.87585804,2020-04
CINEPOLIS PLAZA MUSEO,EXHIBIDORA MEXICANA CINEPOLIS,31 a 50 personas,AVENIDA,LUCIO BLANCO,45,COLONIA,OBRERO CAMPESINA,91020,30,VERACRUZ DE IGNACIO DE LA LLAVE,87,Xalapa,1,Xalapa-Enríquez                                                                                               ,1105,19.54848045,-96.93301548,2017-03
CINEPOLIS PLAZA SANTA CECILIA COATEPEC,EXHIBIDORA MEXICANA CINEPOLIS,11 a 30 personas,CALLE,CENTENARIO,0,COLONIA,LA TRINIDAD,91500,30,VERACRUZ DE IGNACIO DE LA LLAVE,38,Coatepec,1,Coatepec                                                                                                      ,314,19.45156125,-96.95294681,2026-04
CINEPOLIS PLAZA SHANGRI-LA,EXHIBIDORA MEXICANA CINEPOLIS,31 a 50 personas,AVENIDA,LOS PINOS,4023,COLONIA,SANTA LETICIA,94470,30,VERACRUZ DE IGNACIO DE LA LLAVE,68,Fortín,32,Córdoba (Santa Leticia)                                                                                       ,262,18.90348405,-96.96022729,2014-12
CINEPOLIS PLAZA VALLE,EXHIBIDORA MEXICANA CINEPOLIS,51 a 100 personas,AVENIDA,CRI-CRI,1430,COLONIA,ESPINAL,94330,30,VERACRUZ DE IGNACIO DE LA LLAVE,118,Orizaba,1,Orizaba                                                                                                       ,036A,18.86225418,-97.0963017,2012-06
CINEPOLIS PORTAL VERACRUZ,EXHIBIDORA MEXICANA CINEPOLIS,31 a 50 personas,AVENIDA,SALVADOR DÍAZ MIRÓN,2009,COLONIA,CENTRO,91700,30,VERACRUZ DE IGNACIO DE LA LLAVE,193,Veracruz,1,Veracruz                                                                                                      ,400,19.17487733,-96.13454429,2025-04
CINEPOLIS RÍO BLANCO,EXHIBIDORA MEXICANA CINEPOLIS,11 a 30 personas,AVENIDA,VERACRUZ,21,COLONIA,LOS PINOS,94732,30,VERACRUZ DE IGNACIO DE LA LLAVE,138,Río Blanco,1,Río Blanco                                                                                                    ,199,18.83636237,-97.14709383,2017-03
CINEPOLIS VIP AMERICAS VERACRUZ,EXHIBIDORA MEXICANA CINEPOLIS,101 a 250 personas,AVENIDA,EJÉRCITO MEXICANO (DE LAS AMÉRICAS),,COLONIA,COLLADO Y BOITICARIA (LAS AMÉRICAS),94298,30,VERACRUZ DE IGNACIO DE LA LLAVE,28,Boca del Río,37,Veracruz                                                                                                      ,657,19.14078576,-96.10652122,2010-07
CINEPOLIS VIP EL DORADO,EXHIBIDORA MEXICANA CINEPOLIS,31 a 50 personas,CARRETERA,RAMAL ANTÓN LIZARDO,4405,COLONIA,SAN JOSE,94290,30,VERACRUZ DE IGNACIO DE LA LLAVE,28,Boca del Río,62,Residencial el Dorado                                                                                         ,17,19.09307041,-96.10327736,2014-12
CINEPOLIS VIP PLAZA LAS AMÉRICAS (XALAPA),EXHIBIDORA MEXICANA CINEPOLIS,31 a 50 personas,CARRETERA,XALAPA VERACRUZ KM 2+500,680,COLONIA,RESIDENCIAL DEL LAGO,91193,30,VERACRUZ DE IGNACIO DE LA LLAVE,87,Xalapa,1,Xalapa-Enríquez                                                                                               ,1904,19.51363698,-96.8760739,2010-07
CINETIX,CINEMATOGRAFICA ORQUIDEA,11 a 30 personas,CARRETERA,CARRETERA A XALAPA ENRIQUEZ,,LOCALIDAD,COATEPEC,91500,30,VERACRUZ DE IGNACIO DE LA LLAVE,38,Coatepec,1,Coatepec                                                                                                      ,297,19.47062455,-96.94470659,2024-11
CINETIX LAS ANIMAS,,6 a 10 personas,CARRETERA,XALAPA VERACRUZ,271,COLONIA,JARDINES DE LAS ANIMAS,91190,30,VERACRUZ DE IGNACIO DE LA LLAVE,87,Xalapa,1,Xalapa-Enríquez                                                                                               ,2298,19.52029688,-96.88421895,2019-11
CINETIX ZARAGOZA,,0 a 5 personas,CALLE,IGNACIO ZARAGOZA,8,COLONIA,CENTRO,91000,30,VERACRUZ DE IGNACIO DE LA LLAVE,87,Xalapa,1,Xalapa-Enríquez                                                                                               ,215,19.52654613,-96.92246339,2020-11
MUÑECOS DE COLECCION ROMAN,,0 a 5 personas,CALLE,CANDELARIA,206,COLONIA,ANAHUAC,93419,30,VERACRUZ DE IGNACIO DE LA LLAVE,124,Papantla,1,Papantla de Olarte                                                                                            ,225,20.4532326,-97.32032367,2014-12
116 CINEMEX ITZAES POP,OPERADORA DE CINEMAS,11 a 30 personas,AVENIDA,ITZÁES (86 B),544,COLONIA,CENTRO,97000,31,YUCATÁN       ,50,Mérida,1,Mérida                                                                                                        ,060A,20.95992371,-89.64187122,2011-03
145 CINEMEX MACROPLAZA MERIDA TRADICIONAL,OPERADORA DE CINEMAS,31 a 50 personas,CALLE,35,200,COLONIA,ITZIMNA,97100,31,YUCATÁN       ,50,Mérida,1,Mérida                                                                                                        ,3708,20.99787062,-89.57342462,2010-07
27 CINEMEX CANEK TRADICIONAL,OPERADORA DE CINEMAS,11 a 30 personas,AVENIDA,JACINTO CANEK (59 A),,FRACCIONAMIENTO,JACINTO CANEK,97238,31,YUCATÁN       ,50,Mérida,1,Mérida                                                                                                        ,2593,20.98912923,-89.66269755,2019-11
287 CINEMEX TIZIMIN POP,OPERADORA DE CINEMAS,11 a 30 personas,CALLE,46,416,COLONIA,CENTRO,97700,31,YUCATÁN       ,96,Tizimín,1,Tizimín                                                                                                       ,863,21.13998269,-88.14857965,2010-07
299 CINEMEX UPTOWN MERIDA PREMIUM,OPERADORA DE CINEMAS,11 a 30 personas,AVENIDA,CORREA RACHÓ (6),34,FRACCIONAMIENTO,VISTA ALEGRE,97134,31,YUCATÁN       ,50,Mérida,1,Mérida                                                                                                        ,5028,21.01192971,-89.58352174,2019-11
300 CINEMEX VALLADOLID POP,OPERADORA DE CINEMAS,11 a 30 personas,CALLE,42,124,COLONIA,SANTA LUCIA,97780,31,YUCATÁN       ,102,Valladolid,1,Valladolid                                                                                                    ,415,20.70203951,-88.20293082,2014-12
93 CINEMEX GALERIAS MERIDA PLATINO,OPERADORA DE CINEMAS,11 a 30 personas,CALLE,3,299,COLONIA,REVOLUCION,97110,31,YUCATÁN       ,50,Mérida,1,Mérida                                                                                                        ,4566,21.04050924,-89.63150638,2025-04
94 CINEMEX GALERIAS MERIDA TRADICIONAL,OPERADORA DE CINEMAS,11 a 30 personas,CALLE,RICARDO EL VATE LÓPEZ MÉNDEZ (6),299,COLONIA,XCUMPICH,97143,31,YUCATÁN       ,50,Mérida,1,Mérida                                                                                                        ,4566,21.04023149,-89.62895983,2010-07
CINE REC TEKAX,HEIRA ROSADO,6 a 10 personas,CALLE,48,,COLONIA,CENTRO,97970,31,YUCATÁN       ,79,Tekax,1,Tekax de Álvaro Obregón                                                                                       ,504,20.2069151,-89.28469828,2024-11
CINE UNIVERSAL SAN JUAN,,6 a 10 personas,CALLE,51,,COLONIA,SAN JUAN,97783,31,YUCATÁN       ,102,Valladolid,1,Valladolid                                                                                                    ,379,20.68314962,-88.20014614,2014-12
CINEMA PLUS CASTILLO,CINEMA PLUS CASTILLO,0 a 5 personas,CALLE,18,,COLONIA,CENTRO,97390,31,YUCATÁN       ,101,Umán,1,Umán                                                                                                          ,206,20.88216022,-89.74642091,2016-10
CINEMA PLUS CASTILLO,,0 a 5 personas,CALLE,51,424,COLONIA,CENTRO,97700,31,YUCATÁN       ,96,Tizimín,1,Tizimín                                                                                                       ,30,21.14439096,-88.15566586,2010-07
CINEMAS MOTUL,EXHIBICION ALTERNATIVA,0 a 5 personas,CALLE,26,289,COLONIA,CENTRO,97430,31,YUCATÁN       ,52,Motul,1,Motul de Carrillo Puerto                                                                                      ,182,21.09809741,-89.28272937,2026-04
CINEPOLIS AKRÓPOLIS,EXHIBIDORA MEXICANA CINEPOLIS,11 a 30 personas,CALLE,74,0,FRACCIONAMIENTO,LAS AMERICAS,97302,31,YUCATÁN       ,50,Mérida,1,Mérida                                                                                                        ,4903,21.06527595,-89.64387501,2019-04
CINEPOLIS ALTABRISA MÉRIDA,EXHIBIDORA MEXICANA CINEPOLIS,31 a 50 personas,CALLE,7,451,COLONIA,ALTABRISA,97134,31,YUCATÁN       ,50,Mérida,1,Mérida                                                                                                        ,5583,21.01698995,-89.58280862,2010-07
CINEPOLIS AMÉRICAS MÉRIDA,EXHIBIDORA MEXICANA CINEPOLIS,51 a 100 personas,CALLE,21,331,COLONIA,MIGUEL HIDALGO,97220,31,YUCATÁN       ,50,Mérida,1,Mérida                                                                                                        ,2606,20.99086493,-89.64986535,2010-07
CINEPOLIS GRAN SANTA FE CAUCEL,EXHIBIDORA MEXICANA CINEPOLIS,31 a 50 personas,AVENIDA,59A,605,FRACCIONAMIENTO,GRAN SANTA FE,97314,31,YUCATÁN       ,50,Mérida,1,Mérida                                                                                                        ,5776,21.00523799,-89.68841099,2019-04
CINEPOLIS LA ISLA MÉRIDA,EXHIBIDORA MEXICANA CINEPOLIS,11 a 30 personas,CALLE,24,608,COLONIA,SANTA GERTRUDIS COPO,97305,31,YUCATÁN       ,50,Mérida,1,Mérida                                                                                                        ,6948,21.05703211,-89.59777308,2019-04
CINEPOLIS SENDERO MÉRIDA,EXHIBIDORA MEXICANA CINEPOLIS,51 a 100 personas,CALLE,14,70,COLONIA,CHUMINOPOLIS,97158,31,YUCATÁN       ,50,Mérida,1,Mérida                                                                                                        ,5297,20.97625,-89.59894436,2010-07
CINEPOLIS TERRAZAS KUKULKÁN,EXHIBIDORA MEXICANA CINEPOLIS,31 a 50 personas,CIRCUITO,COLONIAS,300,COLONIA,SALVADOR ALVARADO SUR,97196,31,YUCATÁN       ,50,Mérida,1,Mérida                                                                                                        ,181A,20.9423788,-89.59192287,2017-03
CINEPOLIS THE HARBOR MÉRIDA,EXHIBIDORA MEXICANA CINEPOLIS,31 a 50 personas,PROLONGACION,60,0,COLONIA,VIA MONTEJO,97204,31,YUCATÁN       ,50,Mérida,1,Mérida                                                                                                        ,4566,21.04649242,-89.62998555,2019-11
CINEPOLIS VIP ALTABRISA MÉRIDA,EXHIBIDORA MEXICANA CINEPOLIS,11 a 30 personas,CALLE,7,451,COLONIA,ALTABRISA,97134,31,YUCATÁN       ,50,Mérida,1,Mérida                                                                                                        ,5583,21.01698995,-89.58280862,2026-04
CINEPOLIS VIP THE HARBOR MÉRIDA,EXHIBIDORA MEXICANA CINEPOLIS,31 a 50 personas,PROLONGACION,60,0,COLONIA,VIA MONTEJO,97115,31,YUCATÁN       ,50,Mérida,1,Mérida                                                                                                        ,4566,21.04649242,-89.62998555,2019-11
CINES PROGRESO,INMOBILIARIA SAMEL,6 a 10 personas,CALLE,77,0,COLONIA,CENTRO,97320,31,YUCATÁN       ,59,Progreso,1,Progreso                                                                                                      ,484,21.2854094,-89.66156532,2010-07
227 CINEMEX PORTAL FRESNILLO PREMIUM,OPERADORA DE CINEMAS,31 a 50 personas,AVENIDA,LÓPEZ MATEOS (CARRETERA PANAMERICANA),1033,COLONIA,NUEVA ESPERANZA,99000,32,ZACATECAS,10,Fresnillo,1,Fresnillo                                                                                                     ,1096,23.1942048,-102.8860756,2025-04
243 CINEMEX RIO GRANDE POP,OPERADORA DE CINEMAS,11 a 30 personas,AVENIDA,NINGUNO,3,COLONIA,CENTRO,98400,32,ZACATECAS,39,Río Grande,1,Río Grande                                                                                                    ,560,23.82924623,-103.0406922,2025-04
306 CINEMEX ZACATECAS PREMIUM,OPERADORA DE CINEMAS,11 a 30 personas,AVENIDA,FRANCISCO GARCIA SALINAS,,FRACCIONAMIENTO,TAHONA,98018,32,ZACATECAS,56,Zacatecas,1,Zacatecas                                                                                                     ,131A,22.76055689,-102.5465567,2016-01
88 CINEMEX FRESNILLO TRADICIONAL,OPERADORA DE CINEMAS,11 a 30 personas,AVENIDA,FCO GARCÍA SALINAS,510,COLONIA,CENTRO,99000,32,ZACATECAS,10,Fresnillo,1,Fresnillo                                                                                                     ,2003,23.17286378,-102.8642712,2019-11
CAPITAL MOVIE,,11 a 30 personas,AVENIDA,HIDALGO,181,LOCALIDAD,CENTRO,99100,32,ZACATECAS,42,Sombrerete,1,Sombrerete                                                                                                    ,585,23.63245225,-103.639438,2019-11
CINE ESTELAR,,0 a 5 personas,CALLE,GENERAL MATIAS RAMOS SANTOS,,COLONIA,LLANOS DE SAN MIGUEL,98834,32,ZACATECAS,24,Loreto,1,Loreto                                                                                                        ,197,22.26726372,-101.99948,2024-11
CINE FUENSANTA,,0 a 5 personas,CALLE,CALLE DEL HOSPICIO,60,COLONIA,ZONA CENTRO,99300,32,ZACATECAS,20,Jerez,1,Jerez de García Salinas                                                                                       ,234,22.6518002,-102.9937154,2024-11
CINE SALA PARADISO,CINE SALA PARADISO,0 a 5 personas,CALLE,ADOLFO LOPEZ MATEOS,405,COLONIA,ESCOBEDO,98830,32,ZACATECAS,24,Loreto,1,Loreto                                                                                                        ,322,22.27687166,-101.9895815,2024-11
CINEPOLIS GALERÍAS ZACATECAS,EXHIBIDORA MEXICANA CINEPOLIS,51 a 100 personas,BOULEVARD,EL CRUCERO,202,COLONIA,CIUDAD ARGENTUM,98040,32,ZACATECAS,56,Zacatecas,1,Zacatecas                                                                                                     ,2002,22.77569463,-102.598404,2014-12
